,TCGA-06-0001-01A,TCGA-06-0002-01A,TCGA-06-0003-01A,TCGA-06-0004-01A,TCGA-06-0005-01A,TCGA-06-0006-01A,TCGA-06-0007-01A,TCGA-06-0008-01A,TCGA-06-0009-01A,TCGA-06-0010-01A,TCGA-06-0011-01A,TCGA-06-0012-01A,TCGA-06-0013-01A,TCGA-06-0014-01A,TCGA-06-0015-01A,TCGA-06-0016-01A,TCGA-06-0017-01A,TCGA-06-0018-01A,TCGA-06-0019-01A,TCGA-06-0020-01A
EGFR,5.584962500721156,5.807354922057604,5.426264754702098,5.727920454563199,5.882643049361842,5.459431618637297,5.554588851677638,5.643856189774724,5.727920454563199,5.523561956057013,5.643856189774724,5.459431618637297,5.727920454563199,5.727920454563199,5.554588851677638,5.78135971352466,5.357552004618084,5.523561956057013,5.554588851677638,5.700439718141092
PTEN,6.022367813028454,5.727920454563199,5.285402218862249,5.087462841250339,5.614709844115208,5.882643049361842,5.523561956057013,5.392317422778761,5.832890014164741,5.78135971352466,5.832890014164741,5.584962500721156,5.906890595608519,5.554588851677638,5.554588851677638,5.807354922057604,5.930737337562887,5.357552004618084,5.832890014164741,5.832890014164741
TP53,5.672425341971495,5.554588851677638,5.954196310386875,5.614709844115208,5.491853096329675,5.523561956057013,6.0,5.754887502163468,5.857980995127572,5.930737337562887,5.554588851677638,5.491853096329675,5.614709844115208,5.357552004618084,6.044394119358453,5.672425341971495,6.129283016944966,5.672425341971495,5.523561956057013,5.727920454563199
IDH1,5.129283016944966,5.954196310386875,5.392317422778761,5.78135971352466,5.491853096329675,5.584962500721156,5.754887502163468,5.321928094887363,5.554588851677638,5.78135971352466,5.672425341971495,5.754887502163468,5.78135971352466,6.022367813028454,5.584962500721156,5.523561956057013,5.857980995127572,5.700439718141092,5.321928094887363,5.954196310386875
MGMT,5.584962500721156,5.930737337562887,5.754887502163468,5.727920454563199,5.321928094887363,5.700439718141092,5.754887502163468,5.807354922057604,5.554588851677638,5.754887502163468,5.754887502163468,5.321928094887363,5.523561956057013,5.930737337562887,5.857980995127572,5.727920454563199,5.459431618637297,5.523561956057013,5.754887502163468,5.977279923499917
CDKN2A,5.614709844115208,5.523561956057013,5.882643049361842,5.426264754702098,6.022367813028454,5.700439718141092,5.392317422778761,5.930737337562887,5.78135971352466,5.584962500721156,5.857980995127572,5.672425341971495,5.857980995127572,5.78135971352466,5.930737337562887,5.584962500721156,5.727920454563199,5.643856189774724,5.523561956057013,4.906890595608519
RB1,5.857980995127572,5.392317422778761,5.832890014164741,5.754887502163468,5.129283016944966,5.700439718141092,5.672425341971495,5.857980995127572,5.643856189774724,5.882643049361842,5.614709844115208,5.426264754702098,5.700439718141092,5.754887502163468,5.700439718141092,5.614709844115208,5.584962500721156,5.087462841250339,5.906890595608519,5.643856189774724
PIK3CA,5.672425341971495,5.426264754702098,5.614709844115208,5.754887502163468,5.584962500721156,5.672425341971495,5.754887502163468,5.247927513443585,6.022367813028454,5.614709844115208,5.643856189774724,6.022367813028454,5.459431618637297,5.321928094887363,5.321928094887363,5.247927513443585,5.882643049361842,5.857980995127572,5.357552004618084,5.754887502163468
GENE_0001,5.807354922057604,5.523561956057013,5.807354922057604,5.584962500721156,5.584962500721156,5.906890595608519,5.807354922057604,5.672425341971495,5.554588851677638,5.614709844115208,5.954196310386875,6.066089190457772,5.754887502163468,5.523561956057013,5.78135971352466,5.321928094887363,5.169925001442312,5.643856189774724,5.584962500721156,5.392317422778761
GENE_0002,5.727920454563199,5.285402218862249,5.78135971352466,5.584962500721156,5.584962500721156,5.832890014164741,5.614709844115208,5.357552004618084,5.169925001442312,5.357552004618084,5.807354922057604,6.129283016944966,5.523561956057013,5.247927513443585,5.754887502163468,5.643856189774724,5.727920454563199,5.087462841250339,5.643856189774724,5.523561956057013
GENE_0003,5.643856189774724,5.727920454563199,5.78135971352466,5.554588851677638,5.78135971352466,5.954196310386875,5.727920454563199,6.0,5.087462841250339,5.584962500721156,5.727920454563199,5.882643049361842,5.614709844115208,5.882643049361842,5.643856189774724,6.087462841250339,5.491853096329675,5.727920454563199,5.357552004618084,5.672425341971495
GENE_0004,5.672425341971495,5.700439718141092,5.930737337562887,5.392317422778761,5.832890014164741,5.78135971352466,5.392317422778761,5.584962500721156,5.614709844115208,5.954196310386875,5.672425341971495,5.614709844115208,5.672425341971495,5.672425341971495,5.754887502163468,5.247927513443585,5.392317422778761,5.392317422778761,5.459431618637297,5.954196310386875
GENE_0005,5.754887502163468,5.459431618637297,5.426264754702098,5.426264754702098,5.357552004618084,5.459431618637297,5.672425341971495,5.754887502163468,5.20945336562895,5.857980995127572,5.459431618637297,5.584962500721156,5.727920454563199,5.643856189774724,5.0,5.672425341971495,5.357552004618084,5.700439718141092,5.523561956057013,5.459431618637297
GENE_0006,5.727920454563199,5.832890014164741,5.285402218862249,5.727920454563199,5.643856189774724,5.523561956057013,5.754887502163468,5.727920454563199,5.321928094887363,5.491853096329675,5.459431618637297,5.285402218862249,5.357552004618084,5.857980995127572,5.426264754702098,6.0,5.700439718141092,5.832890014164741,5.554588851677638,5.672425341971495
GENE_0007,5.357552004618084,5.523561956057013,5.426264754702098,5.700439718141092,5.554588851677638,5.554588851677638,5.523561956057013,5.832890014164741,5.643856189774724,5.584962500721156,5.357552004618084,6.022367813028454,5.700439718141092,5.392317422778761,5.459431618637297,5.426264754702098,5.754887502163468,5.584962500721156,5.614709844115208,5.643856189774724
GENE_0008,5.643856189774724,5.807354922057604,5.491853096329675,5.584962500721156,5.954196310386875,5.754887502163468,5.392317422778761,5.727920454563199,5.930737337562887,5.392317422778761,5.491853096329675,5.584962500721156,5.357552004618084,5.392317422778761,5.857980995127572,5.491853096329675,5.807354922057604,5.78135971352466,5.491853096329675,5.459431618637297
GENE_0009,5.727920454563199,5.643856189774724,5.426264754702098,5.672425341971495,6.0,5.78135971352466,5.727920454563199,5.614709844115208,5.643856189774724,5.906890595608519,5.727920454563199,5.169925001442312,5.857980995127572,5.554588851677638,5.700439718141092,5.584962500721156,5.807354922057604,5.491853096329675,5.392317422778761,5.672425341971495
GENE_0010,5.977279923499917,5.727920454563199,5.392317422778761,5.672425341971495,5.247927513443585,5.459431618637297,5.700439718141092,5.832890014164741,5.672425341971495,5.614709844115208,5.426264754702098,5.584962500721156,5.754887502163468,5.807354922057604,5.491853096329675,5.857980995127572,5.754887502163468,5.321928094887363,5.882643049361842,5.78135971352466
GENE_0011,5.523561956057013,5.459431618637297,5.459431618637297,5.614709844115208,5.857980995127572,5.523561956057013,5.727920454563199,5.754887502163468,5.700439718141092,5.832890014164741,5.906890595608519,5.930737337562887,5.614709844115208,5.523561956057013,5.754887502163468,5.392317422778761,5.426264754702098,5.357552004618084,5.523561956057013,5.754887502163468
GENE_0012,5.459431618637297,5.906890595608519,5.727920454563199,5.614709844115208,5.672425341971495,5.426264754702098,5.285402218862249,5.491853096329675,5.523561956057013,5.807354922057604,5.700439718141092,5.754887502163468,5.807354922057604,5.727920454563199,5.672425341971495,5.554588851677638,5.357552004618084,5.807354922057604,5.78135971352466,5.491853096329675
GENE_0013,5.857980995127572,5.523561956057013,5.584962500721156,5.977279923499917,6.066089190457772,5.459431618637297,5.906890595608519,5.857980995127572,5.78135971352466,5.491853096329675,6.044394119358453,5.426264754702098,5.977279923499917,5.78135971352466,6.044394119358453,5.554588851677638,5.491853096329675,5.247927513443585,5.584962500721156,5.20945336562895
GENE_0014,5.700439718141092,5.554588851677638,5.930737337562887,5.491853096329675,5.906890595608519,5.906890595608519,6.022367813028454,5.832890014164741,5.672425341971495,5.832890014164741,5.614709844115208,5.491853096329675,5.584962500721156,5.554588851677638,5.044394119358453,5.614709844115208,5.832890014164741,5.614709844115208,6.044394119358453,5.727920454563199
GENE_0015,6.044394119358453,5.727920454563199,5.491853096329675,5.491853096329675,5.832890014164741,5.614709844115208,5.78135971352466,5.857980995127572,5.491853096329675,5.727920454563199,5.321928094887363,5.523561956057013,5.906890595608519,5.754887502163468,5.285402218862249,5.584962500721156,5.807354922057604,5.285402218862249,5.78135971352466,5.882643049361842
GENE_0016,5.672425341971495,5.882643049361842,5.78135971352466,5.523561956057013,5.857980995127572,5.882643049361842,5.78135971352466,5.78135971352466,5.727920454563199,5.426264754702098,5.906890595608519,5.882643049361842,5.554588851677638,5.426264754702098,5.882643049361842,5.754887502163468,5.754887502163468,5.832890014164741,5.832890014164741,6.129283016944966
GENE_0017,5.78135971352466,5.554588851677638,5.247927513443585,5.584962500721156,5.807354922057604,5.832890014164741,5.672425341971495,5.78135971352466,5.614709844115208,5.426264754702098,5.78135971352466,5.285402218862249,5.754887502163468,6.066089190457772,5.643856189774724,5.614709844115208,5.614709844115208,5.930737337562887,5.459431618637297,5.754887502163468
GENE_0018,5.906890595608519,6.169925001442312,5.906890595608519,5.832890014164741,5.392317422778761,5.977279923499917,5.857980995127572,5.357552004618084,5.78135971352466,5.459431618637297,5.20945336562895,5.523561956057013,5.554588851677638,5.614709844115208,5.727920454563199,5.78135971352466,5.832890014164741,5.672425341971495,5.392317422778761,5.727920454563199
GENE_0019,5.700439718141092,5.554588851677638,5.285402218862249,4.954196310386875,5.614709844115208,5.700439718141092,5.857980995127572,5.426264754702098,5.754887502163468,5.78135971352466,5.807354922057604,5.584962500721156,5.285402218862249,5.700439718141092,5.643856189774724,5.672425341971495,5.285402218862249,5.491853096329675,5.906890595608519,5.459431618637297
GENE_0020,5.754887502163468,5.700439718141092,5.459431618637297,5.247927513443585,5.523561956057013,5.906890595608519,5.807354922057604,5.584962500721156,5.906890595608519,5.643856189774724,5.672425341971495,5.954196310386875,5.523561956057013,5.977279923499917,5.754887502163468,5.807354922057604,5.426264754702098,6.189824558880018,5.906890595608519,5.491853096329675
GENE_0021,5.643856189774724,5.584962500721156,5.426264754702098,6.169925001442312,5.754887502163468,5.832890014164741,5.491853096329675,5.426264754702098,5.554588851677638,5.614709844115208,5.727920454563199,5.426264754702098,5.754887502163468,5.882643049361842,5.727920454563199,5.459431618637297,5.523561956057013,5.700439718141092,5.044394119358453,5.643856189774724
GENE_0022,5.554588851677638,5.044394119358453,5.754887502163468,5.643856189774724,5.672425341971495,5.392317422778761,5.554588851677638,5.459431618637297,6.189824558880018,5.78135971352466,5.906890595608519,5.78135971352466,6.044394119358453,5.672425341971495,5.906890595608519,5.78135971352466,5.491853096329675,5.614709844115208,5.357552004618084,5.906890595608519
GENE_0023,5.700439718141092,5.930737337562887,5.554588851677638,5.857980995127572,5.857980995127572,5.857980995127572,5.700439718141092,5.554588851677638,5.614709844115208,5.614709844115208,5.491853096329675,5.491853096329675,5.727920454563199,5.727920454563199,5.584962500721156,5.672425341971495,5.584962500721156,5.727920454563199,5.727920454563199,5.857980995127572
GENE_0024,6.087462841250339,5.459431618637297,5.754887502163468,5.584962500721156,5.672425341971495,5.523561956057013,5.857980995127572,5.554588851677638,5.807354922057604,5.614709844115208,5.426264754702098,5.459431618637297,5.78135971352466,5.700439718141092,6.129283016944966,5.857980995127572,6.066089190457772,5.491853096329675,5.727920454563199,5.584962500721156
GENE_0025,5.832890014164741,5.857980995127572,5.754887502163468,5.754887502163468,5.727920454563199,5.807354922057604,5.491853096329675,5.727920454563199,5.491853096329675,5.727920454563199,5.78135971352466,5.614709844115208,5.392317422778761,5.807354922057604,5.523561956057013,5.459431618637297,5.491853096329675,5.247927513443585,5.247927513443585,5.491853096329675
GENE_0026,5.930737337562887,5.700439718141092,5.554588851677638,5.700439718141092,5.643856189774724,5.700439718141092,5.426264754702098,5.459431618637297,5.321928094887363,5.832890014164741,5.754887502163468,6.0,5.614709844115208,5.700439718141092,5.672425341971495,5.285402218862249,5.392317422778761,5.832890014164741,5.523561956057013,5.700439718141092
GENE_0027,5.614709844115208,5.727920454563199,5.977279923499917,5.357552004618084,5.584962500721156,5.906890595608519,5.857980995127572,5.285402218862249,5.426264754702098,5.584962500721156,5.754887502163468,5.392317422778761,5.977279923499917,5.727920454563199,5.426264754702098,5.614709844115208,5.584962500721156,5.554588851677638,5.643856189774724,5.754887502163468
GENE_0028,5.727920454563199,5.426264754702098,5.832890014164741,5.392317422778761,5.554588851677638,5.78135971352466,5.857980995127572,5.554588851677638,5.672425341971495,5.392317422778761,5.643856189774724,5.584962500721156,5.882643049361842,5.832890014164741,5.614709844115208,5.832890014164741,5.700439718141092,6.108524456778169,5.357552004618084,5.643856189774724
GENE_0029,5.321928094887363,5.392317422778761,5.807354922057604,5.584962500721156,5.643856189774724,5.832890014164741,5.78135971352466,5.523561956057013,5.643856189774724,5.754887502163468,5.754887502163468,5.20945336562895,5.392317422778761,5.672425341971495,5.044394119358453,5.807354922057604,5.247927513443585,5.584962500721156,5.584962500721156,5.754887502163468
GENE_0030,5.426264754702098,5.754887502163468,5.523561956057013,5.554588851677638,5.754887502163468,5.459431618637297,5.727920454563199,5.754887502163468,5.857980995127572,5.727920454563199,5.857980995127572,5.392317422778761,6.0,5.584962500721156,5.643856189774724,6.044394119358453,5.357552004618084,5.930737337562887,5.523561956057013,5.977279923499917
GENE_0031,5.832890014164741,5.882643049361842,5.832890014164741,5.426264754702098,5.087462841250339,5.392317422778761,5.857980995127572,5.672425341971495,5.807354922057604,5.727920454563199,5.554588851677638,5.78135971352466,5.754887502163468,5.426264754702098,5.321928094887363,5.857980995127572,5.700439718141092,5.727920454563199,5.584962500721156,5.700439718141092
GENE_0032,5.832890014164741,5.807354922057604,6.087462841250339,5.554588851677638,5.554588851677638,5.643856189774724,5.930737337562887,5.614709844115208,5.78135971352466,5.727920454563199,5.857980995127572,5.727920454563199,5.754887502163468,5.727920454563199,5.700439718141092,5.78135971352466,5.523561956057013,5.672425341971495,5.169925001442312,5.832890014164741
GENE_0033,5.832890014164741,5.643856189774724,5.554588851677638,5.285402218862249,5.727920454563199,5.754887502163468,5.754887502163468,5.357552004618084,5.882643049361842,5.700439718141092,5.459431618637297,5.554588851677638,5.523561956057013,5.554588851677638,5.523561956057013,5.906890595608519,5.459431618637297,5.643856189774724,5.392317422778761,5.807354922057604
GENE_0034,5.643856189774724,5.832890014164741,5.727920454563199,5.807354922057604,6.087462841250339,5.169925001442312,5.523561956057013,5.954196310386875,5.523561956057013,5.643856189774724,5.20945336562895,4.954196310386875,5.954196310386875,5.700439718141092,5.584962500721156,6.022367813028454,5.614709844115208,5.523561956057013,5.459431618637297,5.643856189774724
GENE_0035,5.727920454563199,5.357552004618084,5.491853096329675,5.882643049361842,5.672425341971495,5.906890595608519,5.247927513443585,5.700439718141092,5.643856189774724,5.882643049361842,5.643856189774724,5.754887502163468,5.20945336562895,5.857980995127572,5.459431618637297,5.426264754702098,5.832890014164741,5.491853096329675,5.643856189774724,5.700439718141092
GENE_0036,5.321928094887363,5.857980995127572,5.459431618637297,5.523561956057013,5.727920454563199,5.857980995127572,5.977279923499917,5.426264754702098,5.857980995127572,5.392317422778761,5.459431618637297,5.754887502163468,5.643856189774724,5.857980995127572,6.149747119504682,5.754887502163468,5.930737337562887,5.426264754702098,5.700439718141092,5.285402218862249
GENE_0037,5.459431618637297,5.857980995127572,5.78135971352466,5.643856189774724,5.643856189774724,5.672425341971495,5.554588851677638,5.807354922057604,5.321928094887363,5.392317422778761,5.643856189774724,5.754887502163468,5.584962500721156,5.754887502163468,5.78135971352466,5.78135971352466,5.491853096329675,5.523561956057013,5.78135971352466,5.554588851677638
GENE_0038,5.906890595608519,5.832890014164741,5.523561956057013,5.78135971352466,5.357552004618084,5.643856189774724,5.700439718141092,5.614709844115208,5.523561956057013,5.807354922057604,5.882643049361842,5.906890595608519,5.78135971352466,5.321928094887363,5.554588851677638,5.554588851677638,5.807354922057604,5.954196310386875,5.78135971352466,5.930737337562887
GENE_0039,5.285402218862249,5.857980995127572,5.906890595608519,5.727920454563199,5.321928094887363,5.78135971352466,5.930737337562887,5.672425341971495,5.554588851677638,5.832890014164741,5.930737337562887,5.727920454563199,5.727920454563199,5.491853096329675,5.321928094887363,5.672425341971495,6.066089190457772,5.807354922057604,5.754887502163468,5.523561956057013
GENE_0040,5.643856189774724,5.392317422778761,5.672425341971495,5.727920454563199,5.459431618637297,5.491853096329675,5.357552004618084,5.857980995127572,5.672425341971495,6.0,5.285402218862249,5.357552004618084,5.672425341971495,5.672425341971495,5.523561956057013,5.614709844115208,5.954196310386875,5.727920454563199,5.857980995127572,5.754887502163468
GENE_0041,5.523561956057013,5.727920454563199,5.357552004618084,5.643856189774724,5.357552004618084,5.807354922057604,5.285402218862249,6.022367813028454,5.78135971352466,5.727920454563199,5.754887502163468,5.727920454563199,5.807354922057604,5.954196310386875,5.700439718141092,5.554588851677638,5.727920454563199,5.357552004618084,5.584962500721156,5.754887502163468
GENE_0042,5.78135971352466,5.78135971352466,5.554588851677638,5.643856189774724,5.857980995127572,5.977279923499917,5.554588851677638,5.584962500721156,5.78135971352466,5.584962500721156,5.614709844115208,5.930737337562887,5.426264754702098,5.754887502163468,5.584962500721156,5.614709844115208,5.78135971352466,5.584962500721156,5.78135971352466,5.672425341971495
GENE_0043,5.614709844115208,5.426264754702098,5.832890014164741,5.523561956057013,5.554588851677638,5.727920454563199,6.108524456778169,5.614709844115208,5.700439718141092,5.700439718141092,5.643856189774724,5.523561956057013,5.169925001442312,5.700439718141092,5.727920454563199,5.643856189774724,5.672425341971495,5.754887502163468,5.727920454563199,5.614709844115208
GENE_0044,5.643856189774724,5.954196310386875,5.700439718141092,5.392317422778761,5.357552004618084,5.523561956057013,6.044394119358453,5.672425341971495,5.727920454563199,5.523561956057013,5.832890014164741,5.672425341971495,5.727920454563199,5.882643049361842,5.700439718141092,5.459431618637297,5.906890595608519,5.643856189774724,5.78135971352466,5.78135971352466
GENE_0045,5.554588851677638,5.857980995127572,5.78135971352466,5.523561956057013,5.807354922057604,5.807354922057604,5.832890014164741,5.754887502163468,5.882643049361842,5.285402218862249,5.285402218862249,5.614709844115208,5.584962500721156,5.672425341971495,5.247927513443585,5.857980995127572,5.129283016944966,5.614709844115208,5.491853096329675,5.614709844115208
GENE_0046,5.554588851677638,5.491853096329675,5.584962500721156,5.672425341971495,5.727920454563199,5.247927513443585,5.491853096329675,5.857980995127572,5.700439718141092,5.392317422778761,5.523561956057013,5.523561956057013,5.754887502163468,5.807354922057604,5.129283016944966,5.78135971352466,5.882643049361842,5.491853096329675,5.554588851677638,5.584962500721156
GENE_0047,5.882643049361842,5.643856189774724,5.285402218862249,5.672425341971495,5.754887502163468,5.807354922057604,6.066089190457772,5.554588851677638,5.832890014164741,5.129283016944966,6.087462841250339,5.643856189774724,5.459431618637297,5.584962500721156,5.832890014164741,5.857980995127572,5.459431618637297,5.643856189774724,5.491853096329675,5.727920454563199
GENE_0048,5.392317422778761,5.807354922057604,5.754887502163468,5.807354922057604,5.930737337562887,5.584962500721156,5.357552004618084,5.523561956057013,5.554588851677638,5.357552004618084,5.672425341971495,5.700439718141092,5.78135971352466,5.832890014164741,5.357552004618084,5.832890014164741,5.357552004618084,5.832890014164741,5.584962500721156,5.882643049361842
GENE_0049,5.954196310386875,5.832890014164741,5.614709844115208,5.20945336562895,5.491853096329675,5.807354922057604,6.129283016944966,5.584962500721156,5.459431618637297,5.727920454563199,5.727920454563199,5.857980995127572,5.614709844115208,5.523561956057013,5.977279923499917,5.643856189774724,5.78135971352466,5.392317422778761,5.754887502163468,5.700439718141092
GENE_0050,5.672425341971495,5.247927513443585,5.857980995127572,5.700439718141092,5.087462841250339,5.643856189774724,5.906890595608519,6.108524456778169,5.700439718141092,5.643856189774724,5.247927513443585,5.832890014164741,5.643856189774724,5.491853096329675,5.754887502163468,5.700439718141092,5.672425341971495,6.0,5.754887502163468,5.554588851677638
GENE_0051,5.807354922057604,5.614709844115208,5.672425341971495,5.357552004618084,5.614709844115208,5.832890014164741,5.614709844115208,5.727920454563199,5.832890014164741,5.700439718141092,5.754887502163468,5.321928094887363,5.491853096329675,5.0,5.906890595608519,6.066089190457772,5.643856189774724,5.672425341971495,5.523561956057013,5.930737337562887
GENE_0052,5.832890014164741,5.672425341971495,5.727920454563199,5.554588851677638,5.459431618637297,5.672425341971495,5.554588851677638,5.832890014164741,5.700439718141092,5.614709844115208,5.392317422778761,5.672425341971495,5.554588851677638,5.491853096329675,5.491853096329675,5.807354922057604,5.614709844115208,5.554588851677638,5.857980995127572,5.584962500721156
GENE_0053,5.832890014164741,5.727920454563199,5.285402218862249,5.78135971352466,5.832890014164741,6.066089190457772,5.523561956057013,5.554588851677638,5.832890014164741,5.672425341971495,5.584962500721156,5.882643049361842,5.807354922057604,5.977279923499917,5.523561956057013,5.459431618637297,5.906890595608519,5.807354922057604,6.044394119358453,5.584962500721156
GENE_0054,5.832890014164741,5.614709844115208,5.882643049361842,5.643856189774724,5.78135971352466,5.129283016944966,5.426264754702098,5.700439718141092,5.392317422778761,5.426264754702098,5.523561956057013,5.78135971352466,5.491853096329675,5.700439718141092,5.954196310386875,5.78135971352466,5.700439718141092,5.554588851677638,5.727920454563199,5.807354922057604
GENE_0055,5.247927513443585,5.523561956057013,5.78135971352466,5.169925001442312,6.044394119358453,5.78135971352466,5.459431618637297,5.807354922057604,5.523561956057013,5.643856189774724,5.247927513443585,5.357552004618084,5.807354922057604,5.614709844115208,5.614709844115208,5.459431618637297,5.523561956057013,5.727920454563199,5.554588851677638,5.727920454563199
GENE_0056,5.754887502163468,5.491853096329675,5.78135971352466,5.554588851677638,5.727920454563199,6.044394119358453,5.459431618637297,5.78135971352466,5.614709844115208,5.727920454563199,5.643856189774724,5.614709844115208,5.459431618637297,5.321928094887363,5.977279923499917,5.523561956057013,5.807354922057604,5.727920454563199,5.754887502163468,5.807354922057604
GENE_0057,5.459431618637297,5.807354922057604,5.491853096329675,5.523561956057013,5.20945336562895,5.807354922057604,5.78135971352466,6.0,5.459431618637297,5.807354922057604,5.672425341971495,5.584962500721156,5.727920454563199,5.523561956057013,5.930737337562887,5.832890014164741,5.754887502163468,5.78135971352466,5.643856189774724,6.022367813028454
GENE_0058,5.882643049361842,5.643856189774724,5.554588851677638,5.169925001442312,6.0,5.832890014164741,5.754887502163468,5.426264754702098,5.247927513443585,5.754887502163468,5.857980995127572,5.357552004618084,5.554588851677638,5.672425341971495,5.584962500721156,5.554588851677638,6.066089190457772,5.584962500721156,6.022367813028454,5.321928094887363
GENE_0059,5.700439718141092,5.459431618637297,5.78135971352466,5.906890595608519,5.643856189774724,5.426264754702098,5.426264754702098,5.491853096329675,5.426264754702098,5.807354922057604,5.672425341971495,5.285402218862249,5.491853096329675,5.321928094887363,5.672425341971495,5.491853096329675,5.614709844115208,5.727920454563199,5.614709844115208,5.700439718141092
GENE_0060,5.78135971352466,5.672425341971495,5.906890595608519,5.700439718141092,5.727920454563199,5.554588851677638,5.78135971352466,5.614709844115208,5.459431618637297,5.614709844115208,5.857980995127572,5.643856189774724,5.754887502163468,5.491853096329675,5.807354922057604,5.882643049361842,5.554588851677638,5.643856189774724,5.643856189774724,5.614709844115208
GENE_0061,5.954196310386875,5.247927513443585,5.614709844115208,6.169925001442312,5.754887502163468,5.584962500721156,5.700439718141092,5.491853096329675,5.584962500721156,5.584962500721156,5.807354922057604,5.78135971352466,5.491853096329675,5.672425341971495,5.857980995127572,5.700439718141092,5.832890014164741,5.832890014164741,5.857980995127572,5.392317422778761
GENE_0062,5.727920454563199,5.426264754702098,5.930737337562887,5.954196310386875,5.727920454563199,5.930737337562887,5.754887502163468,5.643856189774724,5.523561956057013,5.554588851677638,5.459431618637297,5.954196310386875,5.459431618637297,5.78135971352466,5.857980995127572,5.857980995127572,5.78135971352466,6.022367813028454,5.554588851677638,5.459431618637297
GENE_0063,5.491853096329675,5.523561956057013,5.857980995127572,5.832890014164741,5.285402218862249,5.584962500721156,5.491853096329675,5.554588851677638,5.930737337562887,5.491853096329675,5.247927513443585,5.807354922057604,5.491853096329675,5.614709844115208,5.832890014164741,5.554588851677638,5.491853096329675,5.832890014164741,5.832890014164741,5.882643049361842
GENE_0064,5.700439718141092,5.906890595608519,5.832890014164741,5.78135971352466,5.491853096329675,5.584962500721156,5.857980995127572,5.727920454563199,5.643856189774724,5.78135971352466,6.022367813028454,5.672425341971495,5.78135971352466,5.523561956057013,5.754887502163468,5.426264754702098,5.643856189774724,5.882643049361842,5.727920454563199,5.882643049361842
GENE_0065,6.108524456778169,5.672425341971495,5.426264754702098,5.523561956057013,5.727920454563199,5.584962500721156,5.285402218862249,5.754887502163468,5.459431618637297,5.523561956057013,5.954196310386875,5.882643049361842,5.554588851677638,5.285402218862249,5.247927513443585,5.491853096329675,5.523561956057013,5.426264754702098,5.523561956057013,5.554588851677638
GENE_0066,5.491853096329675,5.523561956057013,5.78135971352466,5.459431618637297,5.392317422778761,5.906890595608519,5.285402218862249,5.554588851677638,5.857980995127572,5.727920454563199,5.392317422778761,5.523561956057013,5.285402218862249,5.554588851677638,5.169925001442312,5.643856189774724,5.700439718141092,5.554588851677638,5.930737337562887,5.459431618637297
GENE_0067,5.807354922057604,5.672425341971495,5.584962500721156,5.614709844115208,5.643856189774724,5.357552004618084,6.066089190457772,5.700439718141092,5.672425341971495,5.491853096329675,5.584962500721156,5.392317422778761,5.459431618637297,5.491853096329675,5.882643049361842,5.700439718141092,5.584962500721156,5.584962500721156,5.700439718141092,5.857980995127572
GENE_0068,5.78135971352466,5.491853096329675,5.491853096329675,5.857980995127572,5.807354922057604,5.643856189774724,5.321928094887363,5.977279923499917,5.523561956057013,5.643856189774724,5.832890014164741,5.672425341971495,5.832890014164741,5.882643049361842,5.584962500721156,5.727920454563199,5.672425341971495,5.129283016944966,5.700439718141092,5.882643049361842
GENE_0069,5.491853096329675,5.807354922057604,5.727920454563199,5.426264754702098,5.857980995127572,5.807354922057604,5.832890014164741,5.78135971352466,6.0,5.20945336562895,5.882643049361842,5.832890014164741,5.584962500721156,6.0,5.727920454563199,5.554588851677638,5.807354922057604,5.78135971352466,5.584962500721156,5.643856189774724
GENE_0070,5.584962500721156,6.022367813028454,5.584962500721156,5.20945336562895,5.426264754702098,5.643856189774724,5.491853096329675,5.754887502163468,5.832890014164741,5.954196310386875,5.832890014164741,5.754887502163468,5.614709844115208,5.930737337562887,5.554588851677638,5.523561956057013,5.459431618637297,5.614709844115208,5.357552004618084,5.700439718141092
GENE_0071,5.672425341971495,5.727920454563199,5.426264754702098,5.700439718141092,5.584962500721156,5.754887502163468,5.857980995127572,5.754887502163468,5.614709844115208,5.857980995127572,5.727920454563199,5.459431618637297,5.727920454563199,5.700439718141092,5.426264754702098,5.554588851677638,5.643856189774724,5.129283016944966,5.78135971352466,5.491853096329675
GENE_0072,5.491853096329675,5.584962500721156,5.857980995127572,5.584962500721156,5.857980995127572,5.459431618637297,5.643856189774724,5.882643049361842,5.584962500721156,5.882643049361842,5.643856189774724,6.0,6.0,5.700439718141092,5.643856189774724,5.426264754702098,5.807354922057604,5.614709844115208,5.727920454563199,5.754887502163468
GENE_0073,5.584962500721156,5.614709844115208,5.857980995127572,5.584962500721156,5.321928094887363,5.614709844115208,5.754887502163468,5.614709844115208,5.426264754702098,5.700439718141092,5.672425341971495,6.087462841250339,5.977279923499917,5.754887502163468,5.832890014164741,5.78135971352466,5.807354922057604,5.700439718141092,5.643856189774724,5.977279923499917
GENE_0074,5.882643049361842,5.672425341971495,5.700439718141092,5.044394119358453,6.149747119504682,5.807354922057604,5.78135971352466,6.044394119358453,5.832890014164741,5.727920454563199,5.78135971352466,6.022367813028454,5.754887502163468,5.554588851677638,5.614709844115208,5.426264754702098,5.285402218862249,5.321928094887363,5.754887502163468,5.426264754702098
GENE_0075,6.22881869049588,5.491853096329675,6.0,5.129283016944966,5.700439718141092,5.554588851677638,5.727920454563199,5.523561956057013,5.523561956057013,5.584962500721156,5.129283016944966,5.491853096329675,5.321928094887363,5.554588851677638,5.285402218862249,5.832890014164741,5.672425341971495,5.554588851677638,5.700439718141092,5.700439718141092
GENE_0076,5.832890014164741,5.392317422778761,5.584962500721156,5.78135971352466,5.78135971352466,5.754887502163468,5.554588851677638,5.614709844115208,5.78135971352466,5.78135971352466,5.614709844115208,5.807354922057604,5.78135971352466,5.754887502163468,5.906890595608519,5.643856189774724,5.614709844115208,5.554588851677638,5.882643049361842,6.022367813028454
GENE_0077,5.882643049361842,5.832890014164741,5.857980995127572,5.523561956057013,5.832890014164741,5.906890595608519,5.78135971352466,5.554588851677638,5.727920454563199,5.78135971352466,5.614709844115208,5.832890014164741,5.78135971352466,5.754887502163468,5.491853096329675,5.392317422778761,5.882643049361842,5.807354922057604,5.643856189774724,5.554588851677638
GENE_0078,5.523561956057013,5.754887502163468,5.700439718141092,5.554588851677638,6.149747119504682,5.930737337562887,5.700439718141092,5.247927513443585,5.727920454563199,5.977279923499917,5.392317422778761,5.523561956057013,5.78135971352466,5.857980995127572,5.554588851677638,5.523561956057013,5.754887502163468,5.727920454563199,5.807354922057604,5.754887502163468
GENE_0079,5.584962500721156,5.321928094887363,5.977279923499917,5.321928094887363,5.807354922057604,5.357552004618084,5.807354922057604,5.523561956057013,5.700439718141092,6.087462841250339,5.672425341971495,5.700439718141092,5.727920454563199,5.491853096329675,5.554588851677638,5.643856189774724,5.727920454563199,5.554588851677638,5.614709844115208,5.78135971352466
GENE_0080,5.392317422778761,5.392317422778761,5.78135971352466,5.672425341971495,5.727920454563199,5.643856189774724,5.882643049361842,5.357552004618084,5.727920454563199,5.285402218862249,5.321928094887363,5.700439718141092,5.754887502163468,5.78135971352466,5.554588851677638,5.727920454563199,5.584962500721156,5.643856189774724,5.78135971352466,5.584962500721156
GENE_0081,5.78135971352466,5.78135971352466,5.832890014164741,5.614709844115208,5.491853096329675,5.584962500721156,5.584962500721156,5.426264754702098,5.584962500721156,5.357552004618084,5.614709844115208,5.754887502163468,5.754887502163468,5.392317422778761,5.727920454563199,5.614709844115208,5.392317422778761,5.426264754702098,5.459431618637297,5.700439718141092
GENE_0082,5.906890595608519,5.584962500721156,5.700439718141092,5.700439718141092,5.614709844115208,5.392317422778761,5.643856189774724,5.832890014164741,5.882643049361842,5.643856189774724,6.189824558880018,5.807354922057604,5.614709844115208,5.727920454563199,5.78135971352466,5.285402218862249,5.523561956057013,5.643856189774724,5.584962500721156,5.727920454563199
GENE_0083,5.584962500721156,5.643856189774724,5.857980995127572,5.727920454563199,5.857980995127572,5.882643049361842,5.832890014164741,5.614709844115208,5.700439718141092,5.491853096329675,5.700439718141092,5.20945336562895,5.832890014164741,5.491853096329675,5.285402218862249,5.426264754702098,5.459431618637297,5.129283016944966,5.672425341971495,5.584962500721156
GENE_0084,5.392317422778761,5.20945336562895,5.700439718141092,5.930737337562887,6.108524456778169,5.321928094887363,5.459431618637297,5.754887502163468,5.554588851677638,5.426264754702098,5.357552004618084,5.491853096329675,6.066089190457772,5.584962500721156,5.247927513443585,5.78135971352466,5.614709844115208,5.614709844115208,5.554588851677638,5.727920454563199
GENE_0085,5.554588851677638,5.491853096329675,5.426264754702098,5.78135971352466,5.643856189774724,5.247927513443585,5.584962500721156,5.906890595608519,5.491853096329675,5.614709844115208,5.426264754702098,5.554588851677638,5.614709844115208,5.906890595608519,5.78135971352466,5.614709844115208,5.614709844115208,5.78135971352466,5.392317422778761,5.459431618637297
GENE_0086,5.78135971352466,5.614709844115208,5.727920454563199,5.426264754702098,5.700439718141092,5.459431618637297,5.832890014164741,5.523561956057013,5.700439718141092,5.807354922057604,5.672425341971495,5.523561956057013,5.727920454563199,5.523561956057013,5.672425341971495,5.807354922057604,5.426264754702098,5.321928094887363,5.700439718141092,5.672425341971495
GENE_0087,5.459431618637297,5.906890595608519,5.930737337562887,5.857980995127572,5.700439718141092,5.523561956057013,5.491853096329675,5.700439718141092,5.614709844115208,5.285402218862249,5.426264754702098,5.459431618637297,5.614709844115208,5.78135971352466,6.0,5.426264754702098,5.643856189774724,5.754887502163468,5.807354922057604,5.930737337562887
GENE_0088,5.491853096329675,5.523561956057013,5.392317422778761,5.672425341971495,5.491853096329675,5.832890014164741,5.614709844115208,6.022367813028454,5.832890014164741,5.614709844115208,5.78135971352466,5.700439718141092,5.672425341971495,5.614709844115208,5.807354922057604,5.614709844115208,5.459431618637297,5.954196310386875,5.882643049361842,6.087462841250339
GENE_0089,5.584962500721156,5.672425341971495,5.491853096329675,5.554588851677638,5.906890595608519,5.392317422778761,6.044394119358453,5.554588851677638,5.754887502163468,5.357552004618084,5.554588851677638,5.807354922057604,6.044394119358453,5.906890595608519,5.78135971352466,5.78135971352466,5.906890595608519,5.169925001442312,5.643856189774724,5.584962500721156
GENE_0090,5.882643049361842,5.459431618637297,5.672425341971495,5.643856189774724,5.882643049361842,5.78135971352466,5.584962500721156,5.807354922057604,5.614709844115208,5.78135971352466,5.523561956057013,6.022367813028454,5.832890014164741,5.392317422778761,5.584962500721156,5.584962500721156,5.643856189774724,5.672425341971495,5.491853096329675,5.754887502163468
GENE_0091,5.614709844115208,5.832890014164741,5.857980995127572,5.614709844115208,5.523561956057013,5.672425341971495,5.643856189774724,5.584962500721156,5.459431618637297,5.491853096329675,5.807354922057604,5.357552004618084,5.614709844115208,5.672425341971495,5.584962500721156,5.807354922057604,5.491853096329675,5.459431618637297,5.614709844115208,5.584962500721156
GENE_0092,5.78135971352466,5.832890014164741,5.906890595608519,5.78135971352466,5.491853096329675,5.554588851677638,5.491853096329675,5.247927513443585,5.700439718141092,5.614709844115208,5.906890595608519,5.672425341971495,5.357552004618084,5.20945336562895,5.554588851677638,5.426264754702098,5.357552004618084,5.357552004618084,5.954196310386875,5.857980995127572
GENE_0093,5.285402218862249,5.491853096329675,5.426264754702098,5.954196310386875,5.930737337562887,5.523561956057013,5.584962500721156,5.700439718141092,5.78135971352466,5.554588851677638,5.857980995127572,5.754887502163468,5.700439718141092,5.584962500721156,5.044394119358453,5.584962500721156,5.426264754702098,6.044394119358453,5.832890014164741,5.832890014164741
GENE_0094,5.754887502163468,5.754887502163468,5.247927513443585,5.554588851677638,5.584962500721156,5.727920454563199,5.584962500721156,5.459431618637297,5.554588851677638,5.727920454563199,5.584962500721156,5.459431618637297,5.857980995127572,5.357552004618084,5.584962500721156,5.554588851677638,5.727920454563199,5.614709844115208,5.392317422778761,5.357552004618084
GENE_0095,6.0,6.149747119504682,5.807354922057604,5.930737337562887,5.700439718141092,5.554588851677638,5.832890014164741,6.066089190457772,5.727920454563199,5.129283016944966,5.643856189774724,5.614709844115208,6.108524456778169,5.672425341971495,5.954196310386875,5.832890014164741,5.584962500721156,5.882643049361842,5.754887502163468,5.614709844115208
GENE_0096,5.614709844115208,5.643856189774724,5.584962500721156,5.459431618637297,5.700439718141092,5.523561956057013,5.672425341971495,6.087462841250339,5.643856189774724,5.672425341971495,5.491853096329675,5.357552004618084,5.754887502163468,5.700439718141092,5.807354922057604,5.807354922057604,5.584962500721156,5.247927513443585,5.357552004618084,5.857980995127572
GENE_0097,5.614709844115208,5.906890595608519,5.906890595608519,5.832890014164741,5.459431618637297,5.426264754702098,5.700439718141092,5.459431618637297,5.044394119358453,5.700439718141092,5.754887502163468,6.066089190457772,6.0,5.523561956057013,5.807354922057604,5.554588851677638,5.700439718141092,5.426264754702098,5.832890014164741,5.459431618637297
GENE_0098,5.754887502163468,5.672425341971495,5.554588851677638,5.459431618637297,5.459431618637297,5.643856189774724,5.643856189774724,5.700439718141092,6.0,5.672425341971495,5.807354922057604,5.643856189774724,5.977279923499917,5.700439718141092,5.672425341971495,5.727920454563199,5.672425341971495,5.247927513443585,5.882643049361842,5.459431618637297
GENE_0099,5.832890014164741,5.727920454563199,5.0,5.882643049361842,5.087462841250339,5.882643049361842,5.614709844115208,5.643856189774724,5.700439718141092,5.554588851677638,5.584962500721156,5.727920454563199,5.523561956057013,5.643856189774724,5.832890014164741,5.554588851677638,5.169925001442312,5.977279923499917,5.700439718141092,5.584962500721156
GENE_0100,5.700439718141092,5.321928094887363,6.129283016944966,5.727920454563199,5.700439718141092,5.727920454563199,5.614709844115208,5.754887502163468,5.754887502163468,5.554588851677638,5.954196310386875,5.78135971352466,5.459431618637297,5.643856189774724,5.727920454563199,5.554588851677638,5.459431618637297,5.459431618637297,5.614709844115208,5.643856189774724
GENE_0101,5.930737337562887,5.700439718141092,5.614709844115208,5.78135971352466,6.022367813028454,5.554588851677638,5.459431618637297,5.807354922057604,5.614709844115208,5.754887502163468,5.857980995127572,5.906890595608519,6.044394119358453,5.554588851677638,5.614709844115208,5.643856189774724,5.491853096329675,5.554588851677638,5.426264754702098,5.614709844115208
GENE_0102,5.727920454563199,5.426264754702098,5.754887502163468,5.78135971352466,5.672425341971495,5.78135971352466,5.672425341971495,5.807354922057604,5.643856189774724,5.614709844115208,5.78135971352466,5.906890595608519,5.247927513443585,5.614709844115208,5.459431618637297,5.700439718141092,5.523561956057013,5.906890595608519,5.459431618637297,5.554588851677638
GENE_0103,5.643856189774724,5.426264754702098,6.022367813028454,5.643856189774724,5.321928094887363,5.523561956057013,5.044394119358453,5.832890014164741,5.643856189774724,5.614709844115208,5.832890014164741,5.643856189774724,5.643856189774724,5.554588851677638,5.672425341971495,5.392317422778761,5.523561956057013,5.169925001442312,5.285402218862249,5.643856189774724
GENE_0104,5.523561956057013,5.285402218862249,5.554588851677638,5.954196310386875,5.321928094887363,6.108524456778169,5.643856189774724,5.523561956057013,5.700439718141092,5.906890595608519,5.727920454563199,5.700439718141092,5.727920454563199,5.832890014164741,5.614709844115208,5.643856189774724,5.672425341971495,5.727920454563199,5.857980995127572,5.491853096329675
GENE_0105,5.523561956057013,5.754887502163468,5.643856189774724,5.700439718141092,5.392317422778761,5.906890595608519,5.807354922057604,5.321928094887363,5.614709844115208,6.087462841250339,5.584962500721156,5.554588851677638,5.78135971352466,5.807354922057604,5.129283016944966,5.584962500721156,5.672425341971495,5.459431618637297,5.643856189774724,5.78135971352466
GENE_0106,5.727920454563199,5.78135971352466,5.727920454563199,5.459431618637297,5.643856189774724,5.247927513443585,5.584962500721156,5.700439718141092,5.523561956057013,5.459431618637297,5.78135971352466,5.584962500721156,5.857980995127572,5.247927513443585,5.523561956057013,5.882643049361842,5.78135971352466,5.20945336562895,5.554588851677638,5.832890014164741
GENE_0107,5.857980995127572,5.643856189774724,5.491853096329675,5.727920454563199,5.426264754702098,5.700439718141092,5.643856189774724,5.727920454563199,5.700439718141092,5.672425341971495,5.491853096329675,5.554588851677638,5.672425341971495,5.523561956057013,5.906890595608519,5.321928094887363,5.857980995127572,5.357552004618084,5.882643049361842,5.754887502163468
GENE_0108,5.700439718141092,5.754887502163468,5.643856189774724,5.700439718141092,5.78135971352466,5.426264754702098,5.700439718141092,5.357552004618084,5.906890595608519,5.754887502163468,5.357552004618084,5.523561956057013,5.523561956057013,6.044394119358453,5.882643049361842,5.357552004618084,5.523561956057013,5.523561956057013,6.0,5.78135971352466
GENE_0109,6.247927513443585,5.857980995127572,5.754887502163468,5.954196310386875,5.044394119358453,5.882643049361842,5.643856189774724,5.614709844115208,6.0,5.554588851677638,5.584962500721156,5.584962500721156,5.754887502163468,5.523561956057013,5.357552004618084,5.643856189774724,5.247927513443585,5.857980995127572,5.614709844115208,5.930737337562887
GENE_0110,5.700439718141092,5.857980995127572,5.643856189774724,5.700439718141092,5.832890014164741,5.459431618637297,5.459431618637297,5.727920454563199,5.700439718141092,5.554588851677638,5.727920454563199,5.754887502163468,5.807354922057604,5.459431618637297,5.357552004618084,5.78135971352466,5.459431618637297,5.857980995127572,5.727920454563199,5.78135971352466
GENE_0111,5.882643049361842,5.754887502163468,6.087462841250339,5.727920454563199,5.807354922057604,5.491853096329675,5.977279923499917,5.392317422778761,5.672425341971495,5.392317422778761,5.491853096329675,5.78135971352466,5.832890014164741,5.643856189774724,5.523561956057013,5.700439718141092,5.977279923499917,5.930737337562887,5.754887502163468,5.643856189774724
GENE_0112,5.78135971352466,5.459431618637297,5.321928094887363,5.321928094887363,5.857980995127572,5.392317422778761,5.459431618637297,5.857980995127572,5.754887502163468,5.78135971352466,5.754887502163468,5.930737337562887,5.426264754702098,5.491853096329675,5.357552004618084,5.954196310386875,5.754887502163468,5.643856189774724,6.022367813028454,5.906890595608519
GENE_0113,5.491853096329675,5.523561956057013,5.754887502163468,5.523561956057013,5.754887502163468,5.857980995127572,5.754887502163468,5.727920454563199,5.523561956057013,5.523561956057013,5.672425341971495,6.129283016944966,5.554588851677638,5.523561956057013,5.584962500721156,5.584962500721156,5.754887502163468,5.857980995127572,5.247927513443585,5.357552004618084
GENE_0114,6.0,5.882643049361842,5.78135971352466,5.426264754702098,5.754887502163468,5.584962500721156,5.857980995127572,5.857980995127572,5.930737337562887,5.727920454563199,5.614709844115208,5.321928094887363,5.906890595608519,5.459431618637297,5.554588851677638,5.882643049361842,5.614709844115208,5.392317422778761,5.643856189774724,5.807354922057604
GENE_0115,5.807354922057604,5.857980995127572,5.459431618637297,5.754887502163468,5.614709844115208,5.906890595608519,5.643856189774724,5.459431618637297,5.672425341971495,5.700439718141092,5.857980995127572,5.807354922057604,5.672425341971495,5.643856189774724,5.977279923499917,6.066089190457772,5.754887502163468,5.392317422778761,5.321928094887363,5.643856189774724
GENE_0116,5.491853096329675,5.614709844115208,5.78135971352466,5.672425341971495,5.523561956057013,5.426264754702098,5.491853096329675,5.832890014164741,5.727920454563199,5.285402218862249,5.614709844115208,5.78135971352466,5.491853096329675,5.614709844115208,6.149747119504682,5.584962500721156,5.78135971352466,5.392317422778761,5.857980995127572,5.554588851677638
GENE_0117,5.832890014164741,5.614709844115208,5.614709844115208,5.672425341971495,5.954196310386875,6.022367813028454,5.857980995127572,5.129283016944966,5.700439718141092,5.754887502163468,6.108524456778169,5.392317422778761,5.700439718141092,5.754887502163468,5.643856189774724,5.247927513443585,5.672425341971495,5.672425341971495,5.754887502163468,5.906890595608519
GENE_0118,5.672425341971495,5.754887502163468,5.643856189774724,5.392317422778761,5.700439718141092,5.614709844115208,5.906890595608519,5.321928094887363,5.906890595608519,5.807354922057604,5.754887502163468,5.832890014164741,5.754887502163468,5.392317422778761,5.727920454563199,5.614709844115208,5.78135971352466,5.321928094887363,5.672425341971495,5.700439718141092
GENE_0119,5.882643049361842,5.643856189774724,5.882643049361842,5.614709844115208,5.672425341971495,5.491853096329675,5.672425341971495,5.357552004618084,6.066089190457772,5.426264754702098,5.554588851677638,5.554588851677638,5.700439718141092,5.643856189774724,5.584962500721156,5.491853096329675,5.832890014164741,5.78135971352466,5.614709844115208,5.584962500721156
GENE_0120,5.459431618637297,5.459431618637297,5.584962500721156,5.554588851677638,5.357552004618084,5.672425341971495,5.977279923499917,5.523561956057013,5.523561956057013,5.129283016944966,5.857980995127572,5.672425341971495,5.392317422778761,5.584962500721156,5.700439718141092,5.614709844115208,5.754887502163468,5.643856189774724,5.357552004618084,5.832890014164741
GENE_0121,5.672425341971495,5.727920454563199,5.129283016944966,5.459431618637297,5.807354922057604,5.392317422778761,5.426264754702098,5.491853096329675,5.523561956057013,5.169925001442312,5.169925001442312,5.672425341971495,5.700439718141092,5.459431618637297,5.727920454563199,5.832890014164741,5.392317422778761,5.78135971352466,5.78135971352466,5.491853096329675
GENE_0122,5.459431618637297,5.78135971352466,5.977279923499917,5.321928094887363,5.523561956057013,5.614709844115208,5.672425341971495,5.614709844115208,5.832890014164741,5.426264754702098,5.584962500721156,5.857980995127572,5.459431618637297,5.321928094887363,5.832890014164741,5.727920454563199,5.700439718141092,5.584962500721156,5.754887502163468,5.977279923499917
GENE_0123,5.700439718141092,5.832890014164741,5.426264754702098,5.807354922057604,5.643856189774724,5.554588851677638,5.614709844115208,5.727920454563199,5.882643049361842,5.882643049361842,5.554588851677638,5.584962500721156,5.20945336562895,5.727920454563199,5.523561956057013,5.882643049361842,5.882643049361842,5.832890014164741,5.459431618637297,5.906890595608519
GENE_0124,5.392317422778761,6.066089190457772,5.584962500721156,5.807354922057604,5.832890014164741,5.672425341971495,5.584962500721156,5.584962500721156,5.672425341971495,5.584962500721156,5.78135971352466,5.807354922057604,5.754887502163468,5.727920454563199,5.700439718141092,5.285402218862249,6.066089190457772,5.643856189774724,5.700439718141092,5.491853096329675
GENE_0125,5.426264754702098,5.643856189774724,5.491853096329675,5.754887502163468,5.614709844115208,5.727920454563199,5.700439718141092,6.044394119358453,5.20945336562895,5.491853096329675,5.643856189774724,5.584962500721156,5.672425341971495,5.754887502163468,5.459431618637297,5.807354922057604,5.727920454563199,5.643856189774724,5.700439718141092,5.523561956057013
GENE_0126,5.285402218862249,5.807354922057604,5.672425341971495,5.643856189774724,5.78135971352466,5.554588851677638,5.672425341971495,5.129283016944966,5.906890595608519,5.459431618637297,5.614709844115208,5.832890014164741,5.169925001442312,5.643856189774724,6.044394119358453,5.523561956057013,5.930737337562887,5.832890014164741,5.700439718141092,5.357552004618084
GENE_0127,5.523561956057013,5.807354922057604,5.727920454563199,5.20945336562895,5.614709844115208,5.954196310386875,5.727920454563199,5.044394119358453,5.523561956057013,6.066089190457772,5.857980995127572,5.700439718141092,6.0,5.754887502163468,5.672425341971495,5.700439718141092,5.727920454563199,5.754887502163468,5.459431618637297,6.066089190457772
GENE_0128,5.614709844115208,5.727920454563199,5.614709844115208,6.149747119504682,5.584962500721156,5.491853096329675,5.459431618637297,5.643856189774724,5.285402218862249,5.906890595608519,5.882643049361842,5.672425341971495,5.882643049361842,5.491853096329675,5.857980995127572,5.584962500721156,5.700439718141092,6.0,5.247927513443585,5.643856189774724
GENE_0129,5.459431618637297,6.149747119504682,5.672425341971495,5.700439718141092,5.392317422778761,5.554588851677638,5.727920454563199,5.832890014164741,5.584962500721156,5.491853096329675,5.459431618637297,5.426264754702098,5.78135971352466,5.614709844115208,5.700439718141092,5.285402218862249,5.285402218862249,5.977279923499917,5.584962500721156,5.807354922057604
GENE_0130,5.78135971352466,5.643856189774724,5.459431618637297,5.643856189774724,5.614709844115208,5.807354922057604,5.357552004618084,5.977279923499917,5.700439718141092,5.584962500721156,5.672425341971495,5.392317422778761,6.022367813028454,5.906890595608519,5.491853096329675,5.321928094887363,5.459431618637297,5.672425341971495,5.357552004618084,5.672425341971495
GENE_0131,5.857980995127572,5.857980995127572,5.700439718141092,5.614709844115208,5.754887502163468,5.754887502163468,5.954196310386875,5.285402218862249,5.832890014164741,5.672425341971495,5.523561956057013,5.78135971352466,5.554588851677638,5.491853096329675,5.491853096329675,5.392317422778761,5.700439718141092,5.584962500721156,5.930737337562887,5.554588851677638
GENE_0132,5.426264754702098,5.584962500721156,5.491853096329675,5.392317422778761,5.754887502163468,5.700439718141092,5.754887502163468,5.906890595608519,5.78135971352466,5.584962500721156,5.700439718141092,5.857980995127572,5.78135971352466,5.700439718141092,5.754887502163468,5.857980995127572,5.700439718141092,5.584962500721156,5.643856189774724,6.0
GENE_0133,5.754887502163468,5.321928094887363,5.78135971352466,5.906890595608519,5.285402218862249,5.491853096329675,5.832890014164741,5.882643049361842,5.727920454563199,5.554588851677638,5.643856189774724,6.0,5.426264754702098,6.044394119358453,5.426264754702098,5.700439718141092,5.78135971352466,5.523561956057013,5.554588851677638,5.882643049361842
GENE_0134,5.523561956057013,5.426264754702098,5.930737337562887,5.357552004618084,5.754887502163468,5.614709844115208,5.807354922057604,5.584962500721156,5.672425341971495,6.022367813028454,5.882643049361842,5.882643049361842,5.614709844115208,5.643856189774724,6.108524456778169,5.321928094887363,5.169925001442312,5.491853096329675,5.643856189774724,5.807354922057604
GENE_0135,5.554588851677638,5.832890014164741,5.643856189774724,5.906890595608519,5.672425341971495,5.459431618637297,5.459431618637297,5.78135971352466,6.0,5.672425341971495,5.954196310386875,5.584962500721156,5.977279923499917,5.357552004618084,5.954196310386875,5.614709844115208,5.727920454563199,5.954196310386875,5.754887502163468,5.954196310386875
GENE_0136,6.087462841250339,5.700439718141092,5.614709844115208,5.672425341971495,5.727920454563199,5.906890595608519,5.459431618637297,5.832890014164741,5.832890014164741,5.554588851677638,5.459431618637297,5.392317422778761,5.643856189774724,6.0,5.672425341971495,5.857980995127572,5.554588851677638,5.491853096329675,5.523561956057013,5.491853096329675
GENE_0137,5.882643049361842,5.459431618637297,5.523561956057013,5.584962500721156,5.727920454563199,6.022367813028454,5.459431618637297,5.727920454563199,5.614709844115208,5.78135971352466,5.554588851677638,5.614709844115208,6.044394119358453,5.554588851677638,5.672425341971495,5.78135971352466,5.700439718141092,5.392317422778761,5.930737337562887,5.832890014164741
GENE_0138,5.643856189774724,5.857980995127572,5.700439718141092,5.700439718141092,6.066089190457772,5.554588851677638,5.882643049361842,5.754887502163468,5.459431618637297,5.20945336562895,5.700439718141092,5.807354922057604,5.832890014164741,5.459431618637297,5.882643049361842,5.614709844115208,5.426264754702098,6.044394119358453,5.491853096329675,6.0
GENE_0139,5.754887502163468,5.584962500721156,5.044394119358453,5.882643049361842,5.584962500721156,5.700439718141092,5.491853096329675,5.491853096329675,5.523561956057013,5.672425341971495,5.491853096329675,5.584962500721156,5.700439718141092,5.727920454563199,5.584962500721156,5.754887502163468,5.727920454563199,5.643856189774724,5.523561956057013,5.700439718141092
GENE_0140,5.832890014164741,5.754887502163468,6.0,5.807354922057604,5.459431618637297,5.930737337562887,6.0,5.672425341971495,5.857980995127572,6.044394119358453,5.78135971352466,5.392317422778761,5.426264754702098,5.584962500721156,5.754887502163468,5.672425341971495,5.700439718141092,5.700439718141092,5.554588851677638,5.643856189774724
GENE_0141,5.754887502163468,5.754887502163468,5.554588851677638,5.321928094887363,5.78135971352466,5.584962500721156,5.882643049361842,5.491853096329675,5.523561956057013,5.930737337562887,5.614709844115208,5.672425341971495,5.857980995127572,5.78135971352466,5.954196310386875,5.700439718141092,5.614709844115208,5.247927513443585,5.523561956057013,5.78135971352466
GENE_0142,5.672425341971495,5.906890595608519,5.78135971352466,6.044394119358453,5.832890014164741,6.0,5.832890014164741,5.643856189774724,5.832890014164741,5.523561956057013,5.672425341971495,5.554588851677638,5.807354922057604,5.754887502163468,5.807354922057604,5.906890595608519,5.523561956057013,5.672425341971495,5.584962500721156,5.321928094887363
GENE_0143,5.459431618637297,5.491853096329675,5.832890014164741,5.727920454563199,5.672425341971495,5.700439718141092,5.672425341971495,5.857980995127572,5.392317422778761,6.0,5.584962500721156,5.672425341971495,6.0,5.491853096329675,5.584962500721156,5.643856189774724,5.523561956057013,5.392317422778761,5.700439718141092,6.044394119358453
GENE_0144,5.392317422778761,5.906890595608519,6.044394119358453,5.584962500721156,5.727920454563199,5.754887502163468,5.357552004618084,5.523561956057013,5.78135971352466,5.426264754702098,5.523561956057013,5.554588851677638,5.129283016944966,5.807354922057604,5.523561956057013,5.78135971352466,5.857980995127572,5.459431618637297,5.672425341971495,5.754887502163468
GENE_0145,5.614709844115208,5.554588851677638,5.832890014164741,5.700439718141092,5.392317422778761,5.459431618637297,5.700439718141092,6.044394119358453,5.807354922057604,5.321928094887363,5.426264754702098,5.584962500721156,5.392317422778761,5.523561956057013,5.882643049361842,5.832890014164741,5.554588851677638,5.643856189774724,5.491853096329675,5.672425341971495
GENE_0146,5.247927513443585,5.459431618637297,5.459431618637297,6.022367813028454,5.584962500721156,5.129283016944966,5.754887502163468,6.044394119358453,5.78135971352466,5.672425341971495,5.643856189774724,5.554588851677638,5.672425341971495,5.426264754702098,5.459431618637297,5.78135971352466,5.700439718141092,5.672425341971495,5.672425341971495,5.459431618637297
GENE_0147,5.78135971352466,5.321928094887363,5.357552004618084,5.672425341971495,5.727920454563199,5.643856189774724,5.78135971352466,5.523561956057013,5.754887502163468,5.857980995127572,5.523561956057013,5.78135971352466,5.20945336562895,5.700439718141092,5.584962500721156,5.426264754702098,5.614709844115208,5.523561956057013,5.672425341971495,5.554588851677638
GENE_0148,5.285402218862249,5.459431618637297,5.614709844115208,5.643856189774724,5.321928094887363,5.754887502163468,5.523561956057013,5.459431618637297,5.459431618637297,5.523561956057013,5.754887502163468,5.392317422778761,5.584962500721156,5.700439718141092,5.754887502163468,5.700439718141092,5.523561956057013,5.727920454563199,5.491853096329675,5.672425341971495
GENE_0149,5.977279923499917,5.584962500721156,5.882643049361842,5.727920454563199,5.857980995127572,5.906890595608519,5.614709844115208,5.754887502163468,5.906890595608519,5.584962500721156,5.643856189774724,5.614709844115208,5.614709844115208,5.727920454563199,5.357552004618084,5.554588851677638,5.906890595608519,5.459431618637297,5.700439718141092,5.357552004618084
GENE_0150,5.700439718141092,5.614709844115208,5.727920454563199,5.727920454563199,5.523561956057013,5.832890014164741,5.584962500721156,5.700439718141092,5.584962500721156,5.727920454563199,5.754887502163468,5.285402218862249,5.491853096329675,5.882643049361842,5.832890014164741,5.614709844115208,5.459431618637297,5.426264754702098,5.832890014164741,5.882643049361842
GENE_0151,6.044394119358453,5.754887502163468,5.754887502163468,5.459431618637297,5.700439718141092,5.807354922057604,5.357552004618084,5.672425341971495,5.977279923499917,5.857980995127572,5.584962500721156,5.392317422778761,5.727920454563199,5.977279923499917,5.78135971352466,5.700439718141092,5.614709844115208,5.672425341971495,5.459431618637297,5.459431618637297
GENE_0152,5.78135971352466,5.727920454563199,5.554588851677638,5.459431618637297,5.554588851677638,5.554588851677638,5.954196310386875,5.491853096329675,5.554588851677638,5.906890595608519,5.426264754702098,5.672425341971495,5.930737337562887,5.954196310386875,5.672425341971495,5.754887502163468,5.554588851677638,5.169925001442312,5.643856189774724,5.643856189774724
GENE_0153,5.426264754702098,5.672425341971495,5.554588851677638,5.247927513443585,5.832890014164741,5.807354922057604,5.643856189774724,5.832890014164741,5.584962500721156,5.754887502163468,5.906890595608519,5.832890014164741,5.930737337562887,5.672425341971495,5.247927513443585,6.022367813028454,5.727920454563199,5.321928094887363,5.807354922057604,5.554588851677638
GENE_0154,5.523561956057013,6.022367813028454,5.614709844115208,5.584962500721156,5.754887502163468,5.129283016944966,5.700439718141092,5.700439718141092,5.491853096329675,5.491853096329675,5.700439718141092,5.954196310386875,5.321928094887363,6.0,5.672425341971495,5.285402218862249,5.977279923499917,5.754887502163468,5.727920454563199,5.807354922057604
GENE_0155,5.643856189774724,5.426264754702098,5.554588851677638,5.426264754702098,5.392317422778761,5.491853096329675,5.523561956057013,5.930737337562887,5.727920454563199,5.614709844115208,5.754887502163468,5.523561956057013,5.321928094887363,5.672425341971495,5.491853096329675,5.554588851677638,5.584962500721156,5.954196310386875,5.643856189774724,5.930737337562887
GENE_0156,6.044394119358453,5.584962500721156,5.700439718141092,5.614709844115208,5.807354922057604,6.022367813028454,5.491853096329675,5.0,5.357552004618084,5.523561956057013,5.491853096329675,5.321928094887363,5.491853096329675,5.954196310386875,5.584962500721156,5.614709844115208,5.643856189774724,6.044394119358453,5.700439718141092,5.459431618637297
GENE_0157,5.426264754702098,5.727920454563199,5.584962500721156,5.700439718141092,5.247927513443585,5.857980995127572,5.882643049361842,5.357552004618084,5.554588851677638,5.857980995127572,5.672425341971495,5.614709844115208,5.392317422778761,5.169925001442312,5.459431618637297,5.584962500721156,5.882643049361842,6.022367813028454,5.700439718141092,5.754887502163468
GENE_0158,5.754887502163468,5.169925001442312,5.700439718141092,5.459431618637297,5.554588851677638,5.392317422778761,5.857980995127572,5.672425341971495,5.78135971352466,5.523561956057013,5.727920454563199,5.523561956057013,5.392317422778761,5.614709844115208,5.930737337562887,5.700439718141092,5.78135971352466,5.357552004618084,5.754887502163468,5.426264754702098
GENE_0159,6.022367813028454,5.832890014164741,5.857980995127572,5.727920454563199,5.523561956057013,5.672425341971495,5.584962500721156,5.584962500721156,5.954196310386875,5.584962500721156,5.754887502163468,6.0,6.066089190457772,5.727920454563199,5.930737337562887,5.78135971352466,5.392317422778761,5.930737337562887,5.392317422778761,5.727920454563199
GENE_0160,5.523561956057013,5.614709844115208,5.672425341971495,5.977279923499917,5.807354922057604,5.459431618637297,5.78135971352466,5.643856189774724,5.832890014164741,5.754887502163468,5.523561956057013,5.357552004618084,5.459431618637297,5.954196310386875,5.807354922057604,5.700439718141092,5.832890014164741,5.78135971352466,5.882643049361842,5.754887502163468
GENE_0161,5.78135971352466,5.643856189774724,5.643856189774724,5.672425341971495,5.857980995127572,5.491853096329675,5.882643049361842,5.672425341971495,5.584962500721156,5.491853096329675,5.857980995127572,5.523561956057013,5.584962500721156,5.643856189774724,5.78135971352466,5.906890595608519,5.392317422778761,5.857980995127572,5.554588851677638,5.672425341971495
GENE_0162,5.754887502163468,6.066089190457772,6.149747119504682,5.672425341971495,5.643856189774724,5.643856189774724,5.807354922057604,5.882643049361842,5.727920454563199,5.584962500721156,5.554588851677638,5.459431618637297,5.78135971352466,6.066089190457772,5.906890595608519,5.700439718141092,5.285402218862249,5.643856189774724,5.614709844115208,5.857980995127572
GENE_0163,5.459431618637297,5.807354922057604,5.672425341971495,5.614709844115208,5.807354922057604,5.426264754702098,5.523561956057013,5.357552004618084,5.523561956057013,5.392317422778761,5.906890595608519,5.832890014164741,5.78135971352466,5.614709844115208,5.700439718141092,5.357552004618084,5.754887502163468,6.066089190457772,5.554588851677638,5.554588851677638
GENE_0164,5.700439718141092,5.857980995127572,5.807354922057604,5.614709844115208,6.129283016944966,5.614709844115208,5.584962500721156,5.169925001442312,5.643856189774724,5.857980995127572,5.672425341971495,5.754887502163468,5.491853096329675,5.044394119358453,5.523561956057013,5.672425341971495,5.906890595608519,5.554588851677638,5.584962500721156,5.78135971352466
GENE_0165,5.727920454563199,5.459431618637297,6.022367813028454,5.754887502163468,5.392317422778761,5.554588851677638,5.426264754702098,5.584962500721156,5.700439718141092,5.554588851677638,5.906890595608519,5.584962500721156,5.584962500721156,5.727920454563199,5.459431618637297,5.857980995127572,5.321928094887363,5.78135971352466,5.754887502163468,5.78135971352466
GENE_0166,5.554588851677638,5.491853096329675,5.977279923499917,5.614709844115208,5.727920454563199,5.285402218862249,5.832890014164741,5.857980995127572,5.754887502163468,5.727920454563199,5.584962500721156,5.247927513443585,5.672425341971495,5.672425341971495,5.614709844115208,5.906890595608519,5.727920454563199,5.643856189774724,5.247927513443585,5.247927513443585
GENE_0167,5.727920454563199,5.832890014164741,5.78135971352466,5.044394119358453,5.426264754702098,5.614709844115208,5.643856189774724,5.614709844115208,5.906890595608519,5.906890595608519,5.392317422778761,5.459431618637297,5.906890595608519,5.807354922057604,5.857980995127572,5.832890014164741,6.022367813028454,5.643856189774724,5.857980995127572,5.426264754702098
GENE_0168,5.857980995127572,5.643856189774724,5.882643049361842,5.906890595608519,5.459431618637297,5.523561956057013,5.129283016944966,5.857980995127572,5.491853096329675,5.672425341971495,5.643856189774724,5.727920454563199,5.426264754702098,5.614709844115208,5.727920454563199,5.426264754702098,5.700439718141092,5.672425341971495,5.754887502163468,5.523561956057013
GENE_0169,5.727920454563199,5.727920454563199,5.832890014164741,5.727920454563199,5.672425341971495,5.727920454563199,5.643856189774724,5.672425341971495,5.643856189774724,5.584962500721156,5.392317422778761,5.832890014164741,5.832890014164741,5.700439718141092,5.491853096329675,5.392317422778761,5.554588851677638,5.459431618637297,6.108524456778169,5.643856189774724
GENE_0170,5.754887502163468,5.523561956057013,5.754887502163468,5.426264754702098,5.700439718141092,5.357552004618084,5.78135971352466,5.78135971352466,6.044394119358453,5.754887502163468,6.087462841250339,5.523561956057013,5.643856189774724,5.554588851677638,5.491853096329675,5.643856189774724,5.906890595608519,5.285402218862249,5.807354922057604,5.321928094887363
GENE_0171,5.491853096329675,5.857980995127572,5.643856189774724,5.426264754702098,5.614709844115208,5.426264754702098,5.977279923499917,5.459431618637297,5.807354922057604,5.554588851677638,5.643856189774724,5.643856189774724,5.426264754702098,5.700439718141092,5.643856189774724,5.78135971352466,5.954196310386875,5.700439718141092,5.700439718141092,5.392317422778761
GENE_0172,5.643856189774724,5.727920454563199,5.857980995127572,5.614709844115208,5.857980995127572,5.614709844115208,5.977279923499917,5.754887502163468,5.614709844115208,5.247927513443585,5.832890014164741,5.754887502163468,5.672425341971495,5.977279923499917,5.643856189774724,5.614709844115208,5.523561956057013,5.906890595608519,5.78135971352466,5.584962500721156
GENE_0173,5.523561956057013,5.930737337562887,5.643856189774724,5.906890595608519,5.672425341971495,5.882643049361842,5.614709844115208,5.807354922057604,5.700439718141092,5.672425341971495,5.614709844115208,5.906890595608519,5.643856189774724,5.78135971352466,5.754887502163468,5.614709844115208,6.108524456778169,5.672425341971495,5.523561956057013,5.523561956057013
GENE_0174,5.78135971352466,5.523561956057013,5.857980995127572,5.727920454563199,5.882643049361842,5.523561956057013,5.700439718141092,5.643856189774724,5.807354922057604,5.459431618637297,5.491853096329675,5.584962500721156,5.700439718141092,5.426264754702098,5.643856189774724,5.700439718141092,5.78135971352466,5.491853096329675,6.044394119358453,5.672425341971495
GENE_0175,5.20945336562895,5.392317422778761,5.700439718141092,5.426264754702098,5.554588851677638,5.554588851677638,5.491853096329675,5.614709844115208,5.523561956057013,5.672425341971495,5.643856189774724,6.0,5.554588851677638,5.523561956057013,5.807354922057604,5.247927513443585,5.857980995127572,5.754887502163468,5.930737337562887,5.672425341971495
GENE_0176,5.930737337562887,5.554588851677638,5.491853096329675,5.906890595608519,5.614709844115208,5.584962500721156,5.426264754702098,5.491853096329675,5.614709844115208,5.614709844115208,5.285402218862249,5.727920454563199,5.643856189774724,5.672425341971495,5.392317422778761,5.357552004618084,5.727920454563199,5.491853096329675,5.491853096329675,5.459431618637297
GENE_0177,5.672425341971495,5.426264754702098,5.857980995127572,5.614709844115208,5.523561956057013,5.700439718141092,6.044394119358453,5.832890014164741,5.554588851677638,5.700439718141092,5.672425341971495,5.285402218862249,5.930737337562887,5.392317422778761,5.643856189774724,5.392317422778761,5.357552004618084,5.832890014164741,5.78135971352466,5.614709844115208
GENE_0178,5.044394119358453,5.459431618637297,5.882643049361842,5.754887502163468,5.727920454563199,5.727920454563199,5.392317422778761,5.930737337562887,5.754887502163468,5.614709844115208,5.584962500721156,5.807354922057604,6.044394119358453,5.672425341971495,5.977279923499917,5.700439718141092,5.491853096329675,6.0,5.643856189774724,5.977279923499917
GENE_0179,5.672425341971495,5.459431618637297,5.700439718141092,5.672425341971495,5.906890595608519,5.614709844115208,5.754887502163468,5.977279923499917,5.78135971352466,6.0,5.321928094887363,5.584962500721156,5.727920454563199,5.857980995127572,5.807354922057604,5.554588851677638,5.523561956057013,5.554588851677638,5.584962500721156,5.832890014164741
GENE_0180,5.727920454563199,5.754887502163468,5.807354922057604,5.906890595608519,5.285402218862249,5.672425341971495,5.643856189774724,5.672425341971495,5.727920454563199,5.426264754702098,5.727920454563199,5.614709844115208,5.426264754702098,5.727920454563199,5.614709844115208,5.643856189774724,5.554588851677638,5.491853096329675,5.523561956057013,5.584962500721156
GENE_0181,5.754887502163468,5.727920454563199,5.523561956057013,5.643856189774724,5.700439718141092,5.727920454563199,5.700439718141092,5.357552004618084,5.523561956057013,5.614709844115208,5.554588851677638,5.754887502163468,5.832890014164741,5.754887502163468,5.584962500721156,5.857980995127572,5.491853096329675,5.584962500721156,5.554588851677638,5.357552004618084
GENE_0182,5.977279923499917,5.807354922057604,5.754887502163468,5.554588851677638,5.672425341971495,5.523561956057013,5.285402218862249,5.491853096329675,5.321928094887363,5.523561956057013,5.672425341971495,5.672425341971495,5.700439718141092,5.584962500721156,5.584962500721156,5.643856189774724,5.357552004618084,5.807354922057604,5.392317422778761,5.643856189774724
GENE_0183,5.614709844115208,6.066089190457772,5.857980995127572,5.044394119358453,5.700439718141092,5.906890595608519,5.491853096329675,5.977279923499917,5.832890014164741,5.672425341971495,5.491853096329675,4.906890595608519,5.930737337562887,5.614709844115208,5.584962500721156,5.832890014164741,5.807354922057604,5.554588851677638,5.554588851677638,5.554588851677638
GENE_0184,5.614709844115208,5.491853096329675,5.643856189774724,5.672425341971495,5.672425341971495,5.523561956057013,6.022367813028454,5.727920454563199,5.554588851677638,5.392317422778761,5.392317422778761,5.491853096329675,6.044394119358453,5.700439718141092,5.554588851677638,5.930737337562887,5.754887502163468,5.614709844115208,5.614709844115208,5.491853096329675
GENE_0185,5.672425341971495,5.832890014164741,5.754887502163468,5.672425341971495,5.614709844115208,6.108524456778169,5.807354922057604,5.584962500721156,5.614709844115208,5.700439718141092,5.392317422778761,5.426264754702098,6.0,5.754887502163468,5.954196310386875,5.832890014164741,5.906890595608519,5.523561956057013,5.523561956057013,4.906890595608519
GENE_0186,5.523561956057013,5.491853096329675,5.700439718141092,5.614709844115208,5.357552004618084,5.78135971352466,5.807354922057604,5.954196310386875,6.0,5.882643049361842,5.78135971352466,6.044394119358453,5.727920454563199,6.0,5.672425341971495,5.857980995127572,5.20945336562895,5.700439718141092,5.882643049361842,5.321928094887363
GENE_0187,5.700439718141092,5.614709844115208,5.584962500721156,5.643856189774724,6.0,5.807354922057604,5.672425341971495,5.554588851677638,5.78135971352466,5.672425341971495,5.672425341971495,5.459431618637297,5.491853096329675,5.832890014164741,5.491853096329675,5.832890014164741,5.643856189774724,5.78135971352466,5.857980995127572,5.554588851677638
GENE_0188,5.392317422778761,5.554588851677638,5.754887502163468,5.807354922057604,5.523561956057013,5.614709844115208,5.807354922057604,5.882643049361842,5.727920454563199,5.614709844115208,5.672425341971495,5.700439718141092,5.906890595608519,6.044394119358453,5.523561956057013,5.882643049361842,5.807354922057604,5.491853096329675,5.426264754702098,5.523561956057013
GENE_0189,5.78135971352466,5.700439718141092,5.857980995127572,5.754887502163468,5.727920454563199,5.459431618637297,5.832890014164741,5.554588851677638,5.78135971352466,5.643856189774724,5.614709844115208,5.554588851677638,5.78135971352466,5.882643049361842,5.754887502163468,5.357552004618084,5.930737337562887,5.285402218862249,5.882643049361842,5.906890595608519
GENE_0190,5.672425341971495,5.614709844115208,5.523561956057013,5.700439718141092,5.857980995127572,5.832890014164741,5.247927513443585,5.78135971352466,5.906890595608519,5.727920454563199,5.700439718141092,5.977279923499917,5.643856189774724,5.491853096329675,5.584962500721156,5.672425341971495,5.78135971352466,5.700439718141092,5.426264754702098,5.491853096329675
GENE_0191,5.459431618637297,5.426264754702098,5.832890014164741,5.643856189774724,5.727920454563199,5.672425341971495,5.977279923499917,5.727920454563199,5.523561956057013,5.643856189774724,5.857980995127572,5.78135971352466,5.554588851677638,5.807354922057604,5.426264754702098,5.491853096329675,5.643856189774724,5.554588851677638,5.643856189774724,5.392317422778761
GENE_0192,5.906890595608519,5.584962500721156,5.754887502163468,5.78135971352466,5.807354922057604,5.672425341971495,5.643856189774724,5.930737337562887,5.977279923499917,5.523561956057013,5.357552004618084,5.727920454563199,5.954196310386875,5.321928094887363,5.672425341971495,5.584962500721156,5.754887502163468,5.672425341971495,6.087462841250339,5.672425341971495
GENE_0193,5.700439718141092,5.584962500721156,5.285402218862249,5.523561956057013,5.700439718141092,5.247927513443585,5.754887502163468,5.643856189774724,5.700439718141092,5.554588851677638,6.022367813028454,5.247927513443585,5.930737337562887,5.285402218862249,5.584962500721156,5.614709844115208,5.754887502163468,5.459431618637297,5.584962500721156,5.554588851677638
GENE_0194,5.392317422778761,5.643856189774724,5.807354922057604,5.754887502163468,5.357552004618084,5.78135971352466,5.882643049361842,5.78135971352466,5.584962500721156,5.727920454563199,5.672425341971495,5.614709844115208,5.20945336562895,5.584962500721156,5.807354922057604,5.129283016944966,5.523561956057013,5.392317422778761,5.426264754702098,5.584962500721156
GENE_0195,5.672425341971495,5.807354922057604,5.523561956057013,5.672425341971495,5.491853096329675,5.426264754702098,5.754887502163468,5.857980995127572,5.459431618637297,5.78135971352466,5.954196310386875,5.807354922057604,5.643856189774724,5.614709844115208,5.614709844115208,5.727920454563199,5.129283016944966,5.426264754702098,5.321928094887363,5.523561956057013
GENE_0196,6.022367813028454,5.643856189774724,5.672425341971495,5.554588851677638,5.584962500721156,5.832890014164741,5.727920454563199,5.523561956057013,5.491853096329675,5.672425341971495,6.044394119358453,5.754887502163468,5.700439718141092,5.523561956057013,5.554588851677638,5.129283016944966,5.78135971352466,5.643856189774724,5.614709844115208,5.614709844115208
GENE_0197,6.044394119358453,5.672425341971495,5.672425341971495,5.554588851677638,5.700439718141092,5.523561956057013,5.584962500721156,6.149747119504682,5.614709844115208,5.614709844115208,5.491853096329675,5.700439718141092,5.832890014164741,5.807354922057604,5.584962500721156,5.584962500721156,5.459431618637297,5.523561956057013,5.672425341971495,5.459431618637297
GENE_0198,5.426264754702098,5.832890014164741,5.807354922057604,5.857980995127572,5.459431618637297,5.392317422778761,5.643856189774724,5.807354922057604,5.78135971352466,5.554588851677638,5.882643049361842,5.523561956057013,5.857980995127572,5.584962500721156,5.672425341971495,5.491853096329675,5.459431618637297,6.0,5.930737337562887,5.754887502163468
GENE_0199,5.832890014164741,5.426264754702098,5.857980995127572,5.614709844115208,5.584962500721156,5.700439718141092,5.285402218862249,5.672425341971495,5.491853096329675,5.672425341971495,6.0,5.614709844115208,5.832890014164741,5.392317422778761,5.700439718141092,5.807354922057604,5.357552004618084,5.491853096329675,6.087462841250339,5.727920454563199
GENE_0200,5.584962500721156,5.754887502163468,5.78135971352466,5.672425341971495,5.643856189774724,5.832890014164741,5.614709844115208,5.357552004618084,5.930737337562887,5.807354922057604,5.523561956057013,5.357552004618084,5.882643049361842,5.727920454563199,5.169925001442312,5.906890595608519,5.285402218862249,5.554588851677638,5.882643049361842,6.0
GENE_0201,5.78135971352466,5.614709844115208,5.954196310386875,5.523561956057013,5.523561956057013,5.727920454563199,5.169925001442312,5.807354922057604,5.614709844115208,5.584962500721156,5.169925001442312,5.930737337562887,5.459431618637297,5.807354922057604,5.857980995127572,5.807354922057604,5.807354922057604,5.882643049361842,5.392317422778761,5.977279923499917
GENE_0202,5.882643049361842,5.426264754702098,5.554588851677638,5.321928094887363,5.643856189774724,5.357552004618084,5.523561956057013,5.727920454563199,5.700439718141092,5.882643049361842,5.491853096329675,5.554588851677638,5.643856189774724,5.906890595608519,6.022367813028454,5.523561956057013,5.554588851677638,5.672425341971495,5.672425341971495,5.614709844115208
GENE_0203,5.426264754702098,5.807354922057604,5.754887502163468,5.727920454563199,5.672425341971495,5.672425341971495,5.807354922057604,5.807354922057604,6.087462841250339,5.643856189774724,5.672425341971495,6.066089190457772,5.584962500721156,5.554588851677638,5.906890595608519,5.554588851677638,5.643856189774724,5.643856189774724,5.614709844115208,5.584962500721156
GENE_0204,5.426264754702098,5.643856189774724,5.832890014164741,5.930737337562887,6.0,5.672425341971495,5.321928094887363,5.426264754702098,5.954196310386875,5.807354922057604,5.754887502163468,5.754887502163468,5.930737337562887,5.700439718141092,5.977279923499917,5.491853096329675,5.832890014164741,5.491853096329675,5.857980995127572,5.954196310386875
GENE_0205,5.672425341971495,5.643856189774724,5.672425341971495,5.523561956057013,5.727920454563199,5.392317422778761,5.78135971352466,5.672425341971495,6.022367813028454,5.754887502163468,5.459431618637297,5.727920454563199,5.754887502163468,5.807354922057604,5.832890014164741,5.491853096329675,5.584962500721156,5.882643049361842,5.727920454563199,5.491853096329675
GENE_0206,5.78135971352466,5.523561956057013,5.554588851677638,5.523561956057013,5.78135971352466,5.321928094887363,5.321928094887363,5.321928094887363,5.930737337562887,5.672425341971495,5.727920454563199,5.754887502163468,5.044394119358453,5.357552004618084,5.700439718141092,6.0,5.754887502163468,5.832890014164741,5.906890595608519,5.930737337562887
GENE_0207,5.523561956057013,5.857980995127572,5.491853096329675,5.954196310386875,5.700439718141092,5.643856189774724,5.977279923499917,5.614709844115208,5.672425341971495,5.672425341971495,5.672425341971495,5.459431618637297,5.832890014164741,5.754887502163468,5.78135971352466,5.614709844115208,5.754887502163468,5.426264754702098,5.754887502163468,5.807354922057604
GENE_0208,5.459431618637297,5.672425341971495,5.554588851677638,5.426264754702098,5.832890014164741,5.357552004618084,5.954196310386875,5.754887502163468,5.700439718141092,5.78135971352466,6.149747119504682,5.78135971352466,5.459431618637297,5.672425341971495,5.906890595608519,5.857980995127572,5.832890014164741,5.882643049361842,5.700439718141092,5.643856189774724
GENE_0209,5.426264754702098,5.78135971352466,6.022367813028454,5.727920454563199,5.906890595608519,5.78135971352466,5.882643049361842,5.643856189774724,5.554588851677638,5.614709844115208,5.977279923499917,5.754887502163468,5.584962500721156,5.614709844115208,5.357552004618084,5.614709844115208,5.727920454563199,5.672425341971495,5.554588851677638,5.906890595608519
GENE_0210,5.954196310386875,5.523561956057013,5.954196310386875,5.954196310386875,6.066089190457772,5.78135971352466,5.643856189774724,5.78135971352466,5.700439718141092,6.087462841250339,5.459431618637297,5.614709844115208,5.672425341971495,5.807354922057604,5.285402218862249,5.426264754702098,5.491853096329675,5.584962500721156,5.357552004618084,5.392317422778761
GENE_0211,5.954196310386875,5.672425341971495,5.672425341971495,5.727920454563199,5.357552004618084,5.643856189774724,5.832890014164741,5.321928094887363,5.857980995127572,5.727920454563199,5.584962500721156,5.672425341971495,5.426264754702098,5.857980995127572,5.832890014164741,5.523561956057013,5.930737337562887,5.930737337562887,5.754887502163468,5.672425341971495
GENE_0212,5.672425341971495,5.426264754702098,5.426264754702098,6.20945336562895,5.523561956057013,5.727920454563199,5.491853096329675,6.022367813028454,5.78135971352466,5.614709844115208,5.459431618637297,5.727920454563199,5.832890014164741,5.554588851677638,5.426264754702098,5.754887502163468,5.954196310386875,5.523561956057013,5.643856189774724,5.78135971352466
GENE_0213,5.523561956057013,5.614709844115208,5.857980995127572,5.491853096329675,5.672425341971495,5.426264754702098,5.614709844115208,5.857980995127572,5.700439718141092,5.857980995127572,5.807354922057604,5.523561956057013,5.672425341971495,5.491853096329675,5.832890014164741,5.754887502163468,5.491853096329675,5.491853096329675,5.727920454563199,5.700439718141092
GENE_0214,5.554588851677638,5.0,5.807354922057604,5.857980995127572,5.643856189774724,5.807354922057604,5.357552004618084,5.554588851677638,5.754887502163468,5.727920454563199,5.807354922057604,5.700439718141092,5.906890595608519,5.614709844115208,5.727920454563199,5.930737337562887,5.807354922057604,6.066089190457772,5.727920454563199,5.554588851677638
GENE_0215,5.700439718141092,5.321928094887363,5.807354922057604,5.954196310386875,5.554588851677638,5.643856189774724,5.727920454563199,5.807354922057604,5.321928094887363,5.882643049361842,6.0,5.754887502163468,5.554588851677638,5.392317422778761,5.643856189774724,5.700439718141092,5.857980995127572,5.832890014164741,5.614709844115208,5.906890595608519
GENE_0216,5.700439718141092,5.321928094887363,5.459431618637297,5.754887502163468,5.614709844115208,5.754887502163468,5.807354922057604,5.700439718141092,5.392317422778761,5.614709844115208,6.0,5.392317422778761,5.584962500721156,5.727920454563199,5.882643049361842,5.459431618637297,5.700439718141092,5.491853096329675,5.584962500721156,5.643856189774724
GENE_0217,5.807354922057604,5.700439718141092,5.643856189774724,5.459431618637297,5.930737337562887,6.022367813028454,5.882643049361842,5.584962500721156,5.643856189774724,5.643856189774724,5.643856189774724,5.930737337562887,5.727920454563199,5.78135971352466,5.954196310386875,5.459431618637297,5.906890595608519,5.459431618637297,5.643856189774724,5.491853096329675
GENE_0218,5.643856189774724,5.643856189774724,5.857980995127572,5.807354922057604,6.087462841250339,5.930737337562887,5.807354922057604,5.459431618637297,5.321928094887363,5.754887502163468,5.754887502163468,5.700439718141092,6.022367813028454,6.20945336562895,5.523561956057013,5.78135971352466,5.672425341971495,5.78135971352466,5.584962500721156,5.426264754702098
GENE_0219,5.584962500721156,5.832890014164741,5.584962500721156,5.832890014164741,5.491853096329675,5.426264754702098,5.491853096329675,5.643856189774724,5.643856189774724,5.614709844115208,5.700439718141092,5.426264754702098,5.459431618637297,5.584962500721156,5.129283016944966,5.78135971352466,5.857980995127572,5.727920454563199,5.672425341971495,5.643856189774724
GENE_0220,5.643856189774724,5.459431618637297,5.554588851677638,5.857980995127572,6.108524456778169,5.977279923499917,5.807354922057604,5.491853096329675,5.807354922057604,5.832890014164741,5.857980995127572,5.426264754702098,5.614709844115208,5.832890014164741,5.584962500721156,5.523561956057013,5.832890014164741,5.754887502163468,5.357552004618084,5.78135971352466
GENE_0221,5.930737337562887,5.459431618637297,5.672425341971495,6.087462841250339,5.78135971352466,5.882643049361842,5.491853096329675,5.584962500721156,5.700439718141092,5.754887502163468,5.906890595608519,5.906890595608519,5.392317422778761,5.727920454563199,6.022367813028454,5.672425341971495,5.754887502163468,5.523561956057013,5.78135971352466,5.857980995127572
GENE_0222,6.066089190457772,5.357552004618084,5.672425341971495,5.20945336562895,5.727920454563199,5.954196310386875,5.643856189774724,5.584962500721156,5.614709844115208,5.672425341971495,5.169925001442312,5.857980995127572,5.906890595608519,5.882643049361842,5.727920454563199,5.20945336562895,5.392317422778761,5.672425341971495,5.857980995127572,5.727920454563199
GENE_0223,5.643856189774724,5.882643049361842,5.906890595608519,5.357552004618084,5.727920454563199,5.807354922057604,5.554588851677638,5.807354922057604,5.882643049361842,5.727920454563199,5.906890595608519,5.459431618637297,5.643856189774724,5.954196310386875,4.754887502163468,5.727920454563199,5.554588851677638,5.584962500721156,5.426264754702098,5.491853096329675
GENE_0224,5.906890595608519,5.614709844115208,5.700439718141092,5.554588851677638,5.672425341971495,5.930737337562887,5.392317422778761,5.754887502163468,5.614709844115208,5.491853096329675,5.807354922057604,6.022367813028454,5.643856189774724,5.78135971352466,5.930737337562887,5.554588851677638,5.0,5.906890595608519,5.754887502163468,5.882643049361842
GENE_0225,5.906890595608519,6.0,5.523561956057013,5.700439718141092,5.727920454563199,5.754887502163468,5.78135971352466,5.672425341971495,6.108524456778169,5.614709844115208,5.78135971352466,5.954196310386875,5.643856189774724,5.392317422778761,5.882643049361842,5.523561956057013,5.614709844115208,5.727920454563199,5.977279923499917,5.700439718141092
GENE_0226,5.977279923499917,5.584962500721156,5.614709844115208,5.754887502163468,5.727920454563199,5.426264754702098,5.832890014164741,4.954196310386875,5.129283016944966,5.672425341971495,5.523561956057013,5.584962500721156,5.554588851677638,5.614709844115208,5.392317422778761,5.584962500721156,5.807354922057604,5.954196310386875,5.643856189774724,6.066089190457772
GENE_0227,5.044394119358453,5.643856189774724,5.78135971352466,5.523561956057013,5.832890014164741,5.807354922057604,5.832890014164741,5.523561956057013,5.754887502163468,5.700439718141092,6.0,5.832890014164741,5.807354922057604,5.584962500721156,5.882643049361842,5.643856189774724,5.832890014164741,5.554588851677638,5.700439718141092,5.554588851677638
GENE_0228,5.491853096329675,5.643856189774724,5.584962500721156,5.882643049361842,6.044394119358453,5.754887502163468,5.491853096329675,5.882643049361842,5.554588851677638,5.20945336562895,5.672425341971495,5.882643049361842,6.044394119358453,6.022367813028454,5.754887502163468,5.857980995127572,5.321928094887363,5.523561956057013,5.727920454563199,5.459431618637297
GENE_0229,5.392317422778761,5.882643049361842,5.672425341971495,5.491853096329675,5.727920454563199,5.832890014164741,5.392317422778761,5.754887502163468,5.882643049361842,5.643856189774724,5.614709844115208,5.20945336562895,5.614709844115208,5.523561956057013,5.857980995127572,5.357552004618084,5.459431618637297,5.700439718141092,5.643856189774724,5.491853096329675
GENE_0230,5.426264754702098,5.459431618637297,5.643856189774724,5.584962500721156,5.700439718141092,5.930737337562887,5.523561956057013,5.727920454563199,5.78135971352466,6.0,5.392317422778761,5.700439718141092,5.392317422778761,5.523561956057013,5.857980995127572,5.523561956057013,6.149747119504682,5.930737337562887,6.044394119358453,5.643856189774724
GENE_0231,5.727920454563199,5.700439718141092,5.044394119358453,5.643856189774724,5.754887502163468,5.643856189774724,5.700439718141092,6.087462841250339,5.78135971352466,5.357552004618084,5.643856189774724,6.044394119358453,5.727920454563199,5.584962500721156,5.727920454563199,5.491853096329675,6.044394119358453,5.643856189774724,5.882643049361842,5.882643049361842
GENE_0232,5.930737337562887,5.426264754702098,5.554588851677638,5.906890595608519,5.614709844115208,5.584962500721156,5.584962500721156,6.044394119358453,5.614709844115208,5.523561956057013,5.857980995127572,5.357552004618084,5.807354922057604,5.832890014164741,5.832890014164741,5.491853096329675,5.584962500721156,6.0,5.857980995127572,5.977279923499917
GENE_0233,5.807354922057604,5.491853096329675,5.614709844115208,5.727920454563199,5.523561956057013,5.754887502163468,5.832890014164741,5.832890014164741,5.554588851677638,5.392317422778761,5.930737337562887,5.882643049361842,5.459431618637297,5.672425341971495,5.357552004618084,5.247927513443585,5.614709844115208,6.0,5.832890014164741,5.78135971352466
GENE_0234,6.022367813028454,5.882643049361842,5.321928094887363,5.459431618637297,5.857980995127572,5.672425341971495,5.930737337562887,5.554588851677638,5.491853096329675,5.672425341971495,5.930737337562887,5.426264754702098,5.614709844115208,5.954196310386875,5.491853096329675,5.754887502163468,5.78135971352466,5.392317422778761,5.169925001442312,5.78135971352466
GENE_0235,5.727920454563199,5.554588851677638,5.727920454563199,5.700439718141092,5.426264754702098,5.584962500721156,5.832890014164741,6.022367813028454,5.614709844115208,5.700439718141092,5.169925001442312,5.554588851677638,5.78135971352466,5.700439718141092,5.930737337562887,5.584962500721156,5.906890595608519,5.807354922057604,5.584962500721156,5.78135971352466
GENE_0236,5.78135971352466,5.491853096329675,5.700439718141092,5.357552004618084,5.700439718141092,6.189824558880018,5.954196310386875,5.614709844115208,5.954196310386875,5.727920454563199,5.882643049361842,5.857980995127572,5.643856189774724,5.672425341971495,5.700439718141092,5.426264754702098,5.857980995127572,5.727920454563199,5.614709844115208,5.906890595608519
GENE_0237,5.857980995127572,5.321928094887363,5.523561956057013,5.285402218862249,5.832890014164741,5.754887502163468,5.78135971352466,5.357552004618084,5.930737337562887,5.754887502163468,5.614709844115208,5.832890014164741,5.643856189774724,5.554588851677638,5.906890595608519,5.672425341971495,5.459431618637297,5.614709844115208,5.584962500721156,5.584962500721156
GENE_0238,5.954196310386875,5.554588851677638,5.977279923499917,5.700439718141092,5.20945336562895,5.357552004618084,5.832890014164741,5.584962500721156,5.554588851677638,5.727920454563199,5.672425341971495,5.643856189774724,5.523561956057013,5.584962500721156,5.584962500721156,5.247927513443585,5.930737337562887,5.584962500721156,5.754887502163468,5.832890014164741
GENE_0239,5.700439718141092,5.78135971352466,5.554588851677638,5.491853096329675,5.0,5.554588851677638,5.700439718141092,5.426264754702098,5.672425341971495,6.044394119358453,5.554588851677638,5.523561956057013,5.523561956057013,5.643856189774724,5.954196310386875,5.392317422778761,5.357552004618084,5.392317422778761,5.584962500721156,5.906890595608519
GENE_0240,5.78135971352466,5.459431618637297,5.247927513443585,5.491853096329675,5.672425341971495,5.700439718141092,5.459431618637297,5.392317422778761,5.78135971352466,5.554588851677638,5.643856189774724,5.754887502163468,5.807354922057604,5.554588851677638,5.857980995127572,5.491853096329675,5.700439718141092,5.807354922057604,5.614709844115208,5.954196310386875
GENE_0241,5.78135971352466,5.700439718141092,5.643856189774724,5.523561956057013,5.491853096329675,5.392317422778761,5.906890595608519,5.554588851677638,5.807354922057604,5.754887502163468,5.906890595608519,5.614709844115208,5.857980995127572,5.643856189774724,5.491853096329675,5.392317422778761,5.426264754702098,5.807354922057604,5.459431618637297,5.491853096329675
GENE_0242,5.700439718141092,5.832890014164741,5.977279923499917,5.643856189774724,5.857980995127572,5.584962500721156,5.426264754702098,5.643856189774724,5.700439718141092,5.727920454563199,5.321928094887363,5.930737337562887,5.954196310386875,5.523561956057013,5.930737337562887,5.700439718141092,5.700439718141092,5.857980995127572,5.954196310386875,5.832890014164741
GENE_0243,5.285402218862249,5.754887502163468,5.554588851677638,5.857980995127572,5.754887502163468,5.672425341971495,5.426264754702098,5.807354922057604,5.491853096329675,5.700439718141092,5.78135971352466,5.357552004618084,5.554588851677638,5.247927513443585,5.78135971352466,5.78135971352466,5.78135971352466,5.832890014164741,5.614709844115208,6.0
GENE_0244,5.491853096329675,5.882643049361842,5.554588851677638,5.643856189774724,5.78135971352466,5.285402218862249,5.614709844115208,5.857980995127572,5.321928094887363,5.321928094887363,5.491853096329675,5.554588851677638,5.700439718141092,5.672425341971495,5.554588851677638,5.700439718141092,5.930737337562887,5.523561956057013,5.321928094887363,5.614709844115208
GENE_0245,5.426264754702098,5.643856189774724,5.643856189774724,5.392317422778761,5.700439718141092,5.614709844115208,5.523561956057013,5.321928094887363,6.108524456778169,6.266786540694901,5.906890595608519,6.022367813028454,5.754887502163468,5.491853096329675,5.700439718141092,5.614709844115208,5.643856189774724,6.108524456778169,5.459431618637297,5.426264754702098
GENE_0246,5.614709844115208,5.643856189774724,5.807354922057604,5.643856189774724,5.672425341971495,5.832890014164741,5.930737337562887,5.491853096329675,5.700439718141092,5.754887502163468,5.882643049361842,5.807354922057604,5.614709844115208,5.857980995127572,5.523561956057013,5.754887502163468,5.807354922057604,5.857980995127572,5.357552004618084,6.066089190457772
GENE_0247,5.727920454563199,6.0,5.906890595608519,5.643856189774724,5.614709844115208,5.459431618637297,5.727920454563199,5.129283016944966,5.247927513443585,5.754887502163468,5.727920454563199,5.523561956057013,5.392317422778761,5.727920454563199,5.807354922057604,5.614709844115208,5.554588851677638,5.832890014164741,5.614709844115208,5.357552004618084
GENE_0248,5.523561956057013,5.643856189774724,5.832890014164741,5.584962500721156,5.554588851677638,5.78135971352466,5.727920454563199,5.523561956057013,5.357552004618084,5.832890014164741,5.78135971352466,5.643856189774724,4.807354922057604,5.392317422778761,5.614709844115208,5.392317422778761,5.727920454563199,5.614709844115208,5.584962500721156,5.700439718141092
GENE_0249,5.584962500721156,5.906890595608519,5.700439718141092,5.584962500721156,5.754887502163468,5.672425341971495,5.523561956057013,5.700439718141092,5.247927513443585,5.78135971352466,5.672425341971495,5.727920454563199,6.022367813028454,5.554588851677638,5.857980995127572,5.523561956057013,5.554588851677638,5.392317422778761,5.247927513443585,5.954196310386875
GENE_0250,5.584962500721156,5.727920454563199,5.754887502163468,5.672425341971495,5.321928094887363,5.247927513443585,5.459431618637297,5.832890014164741,5.554588851677638,5.700439718141092,5.357552004618084,5.643856189774724,5.321928094887363,5.321928094887363,4.954196310386875,5.78135971352466,5.832890014164741,5.857980995127572,5.554588851677638,5.700439718141092
GENE_0251,5.832890014164741,5.832890014164741,5.044394119358453,5.727920454563199,5.977279923499917,6.0,5.554588851677638,5.807354922057604,5.78135971352466,5.459431618637297,5.523561956057013,5.832890014164741,5.285402218862249,5.614709844115208,5.523561956057013,5.672425341971495,5.321928094887363,6.044394119358453,5.584962500721156,5.954196310386875
GENE_0252,5.672425341971495,5.426264754702098,5.727920454563199,5.584962500721156,5.78135971352466,5.614709844115208,5.643856189774724,5.392317422778761,5.459431618637297,5.832890014164741,5.977279923499917,5.584962500721156,5.459431618637297,5.857980995127572,5.754887502163468,5.584962500721156,5.643856189774724,5.426264754702098,5.20945336562895,5.754887502163468
GENE_0253,5.491853096329675,5.700439718141092,5.857980995127572,5.392317422778761,5.832890014164741,5.754887502163468,5.727920454563199,5.882643049361842,5.523561956057013,5.129283016944966,5.584962500721156,5.954196310386875,5.20945336562895,5.672425341971495,5.554588851677638,5.672425341971495,5.643856189774724,5.832890014164741,6.108524456778169,5.754887502163468
GENE_0254,5.882643049361842,5.727920454563199,5.700439718141092,5.807354922057604,5.614709844115208,5.087462841250339,5.754887502163468,5.392317422778761,5.357552004618084,5.832890014164741,5.392317422778761,5.78135971352466,5.643856189774724,5.523561956057013,5.930737337562887,5.672425341971495,5.459431618637297,5.882643049361842,5.977279923499917,5.357552004618084
GENE_0255,5.78135971352466,5.554588851677638,5.491853096329675,5.614709844115208,5.426264754702098,5.554588851677638,5.491853096329675,5.700439718141092,5.78135971352466,5.523561956057013,5.78135971352466,5.459431618637297,5.523561956057013,5.491853096329675,5.807354922057604,5.614709844115208,5.491853096329675,5.857980995127572,5.554588851677638,5.754887502163468
GENE_0256,5.857980995127572,5.459431618637297,5.459431618637297,5.426264754702098,5.857980995127572,5.614709844115208,5.754887502163468,5.727920454563199,5.459431618637297,5.169925001442312,5.392317422778761,5.754887502163468,5.523561956057013,5.285402218862249,6.044394119358453,5.523561956057013,5.727920454563199,5.754887502163468,5.672425341971495,5.523561956057013
GENE_0257,5.727920454563199,5.78135971352466,5.930737337562887,5.832890014164741,5.614709844115208,5.807354922057604,5.727920454563199,5.357552004618084,5.727920454563199,5.614709844115208,5.491853096329675,5.459431618637297,6.044394119358453,5.930737337562887,5.614709844115208,5.247927513443585,5.78135971352466,5.700439718141092,5.523561956057013,5.643856189774724
GENE_0258,5.857980995127572,5.727920454563199,5.523561956057013,5.523561956057013,5.954196310386875,5.285402218862249,5.426264754702098,5.807354922057604,6.022367813028454,5.554588851677638,5.584962500721156,5.700439718141092,5.672425341971495,5.20945336562895,5.807354922057604,5.807354922057604,5.614709844115208,5.614709844115208,5.584962500721156,5.426264754702098
GENE_0259,5.614709844115208,5.523561956057013,5.523561956057013,5.807354922057604,5.700439718141092,5.523561956057013,5.78135971352466,5.643856189774724,5.882643049361842,5.554588851677638,5.247927513443585,5.727920454563199,5.554588851677638,5.523561956057013,5.807354922057604,5.807354922057604,5.614709844115208,5.672425341971495,5.754887502163468,5.78135971352466
GENE_0260,5.727920454563199,5.672425341971495,5.807354922057604,6.022367813028454,5.672425341971495,5.832890014164741,5.426264754702098,5.643856189774724,5.426264754702098,5.754887502163468,5.357552004618084,5.247927513443585,5.807354922057604,5.700439718141092,5.857980995127572,5.700439718141092,5.491853096329675,5.754887502163468,5.523561956057013,5.491853096329675
GENE_0261,5.977279923499917,5.754887502163468,5.672425341971495,5.930737337562887,5.321928094887363,5.426264754702098,5.426264754702098,5.754887502163468,5.584962500721156,5.459431618637297,5.392317422778761,5.614709844115208,5.832890014164741,5.554588851677638,5.807354922057604,5.426264754702098,5.643856189774724,5.832890014164741,5.392317422778761,5.700439718141092
GENE_0262,5.643856189774724,5.523561956057013,5.614709844115208,5.882643049361842,5.78135971352466,5.700439718141092,5.78135971352466,5.857980995127572,5.491853096329675,5.672425341971495,5.523561956057013,5.554588851677638,5.614709844115208,5.392317422778761,5.392317422778761,6.0,5.832890014164741,5.584962500721156,5.584962500721156,5.584962500721156
GENE_0263,5.554588851677638,5.977279923499917,5.459431618637297,5.906890595608519,5.643856189774724,5.643856189774724,5.285402218862249,5.491853096329675,5.930737337562887,5.554588851677638,5.857980995127572,5.643856189774724,5.672425341971495,5.672425341971495,5.584962500721156,5.727920454563199,5.584962500721156,6.108524456778169,5.754887502163468,5.700439718141092
GENE_0264,5.832890014164741,5.700439718141092,5.357552004618084,5.584962500721156,6.066089190457772,5.754887502163468,5.584962500721156,5.672425341971495,5.930737337562887,5.930737337562887,5.906890595608519,5.700439718141092,5.882643049361842,5.614709844115208,5.169925001442312,5.906890595608519,5.614709844115208,5.614709844115208,5.643856189774724,5.754887502163468
GENE_0265,5.643856189774724,5.700439718141092,5.754887502163468,5.700439718141092,5.426264754702098,5.523561956057013,5.523561956057013,5.700439718141092,5.930737337562887,5.643856189774724,5.727920454563199,5.614709844115208,5.882643049361842,5.20945336562895,5.614709844115208,5.754887502163468,5.672425341971495,5.857980995127572,5.20945336562895,5.426264754702098
GENE_0266,5.459431618637297,5.321928094887363,5.584962500721156,6.044394119358453,5.643856189774724,5.954196310386875,5.247927513443585,5.584962500721156,5.78135971352466,5.584962500721156,6.22881869049588,6.044394119358453,5.426264754702098,5.700439718141092,5.807354922057604,5.882643049361842,5.614709844115208,5.727920454563199,6.066089190457772,5.700439718141092
GENE_0267,5.044394119358453,5.459431618637297,5.554588851677638,5.614709844115208,5.700439718141092,5.754887502163468,5.614709844115208,5.614709844115208,5.426264754702098,6.0,5.523561956057013,5.857980995127572,5.857980995127572,5.584962500721156,5.727920454563199,5.977279923499917,5.614709844115208,5.426264754702098,6.066089190457772,5.857980995127572
GENE_0268,5.523561956057013,5.672425341971495,5.491853096329675,5.584962500721156,5.78135971352466,5.459431618637297,5.426264754702098,5.426264754702098,5.554588851677638,5.459431618637297,5.459431618637297,5.807354922057604,5.614709844115208,6.169925001442312,5.491853096329675,5.321928094887363,5.727920454563199,5.554588851677638,6.108524456778169,5.754887502163468
GENE_0269,5.20945336562895,5.321928094887363,5.426264754702098,5.78135971352466,5.78135971352466,5.727920454563199,6.022367813028454,5.930737337562887,6.066089190457772,5.584962500721156,5.357552004618084,6.044394119358453,5.807354922057604,5.523561956057013,5.491853096329675,5.426264754702098,5.977279923499917,5.700439718141092,5.700439718141092,5.554588851677638
GENE_0270,5.614709844115208,5.700439718141092,5.700439718141092,5.614709844115208,5.491853096329675,5.832890014164741,5.554588851677638,5.321928094887363,5.357552004618084,5.672425341971495,5.882643049361842,5.247927513443585,5.700439718141092,5.584962500721156,5.700439718141092,5.672425341971495,5.754887502163468,5.78135971352466,5.554588851677638,5.882643049361842
GENE_0271,5.643856189774724,5.614709844115208,5.357552004618084,5.087462841250339,5.882643049361842,5.491853096329675,5.491853096329675,5.392317422778761,5.807354922057604,5.554588851677638,5.727920454563199,5.807354922057604,5.584962500721156,5.459431618637297,5.321928094887363,5.0,5.807354922057604,5.78135971352466,5.426264754702098,5.426264754702098
GENE_0272,5.807354922057604,5.700439718141092,5.614709844115208,5.832890014164741,5.727920454563199,5.700439718141092,5.930737337562887,5.523561956057013,5.700439718141092,5.700439718141092,5.554588851677638,5.584962500721156,5.672425341971495,5.700439718141092,5.727920454563199,5.700439718141092,6.0,5.554588851677638,5.459431618637297,5.672425341971495
GENE_0273,5.459431618637297,5.930737337562887,5.78135971352466,5.700439718141092,5.754887502163468,5.672425341971495,5.459431618637297,5.672425341971495,5.614709844115208,5.906890595608519,5.614709844115208,5.882643049361842,5.554588851677638,5.700439718141092,5.700439718141092,5.614709844115208,5.954196310386875,5.906890595608519,5.906890595608519,5.523561956057013
GENE_0274,5.584962500721156,5.554588851677638,5.426264754702098,5.857980995127572,5.906890595608519,5.643856189774724,5.754887502163468,5.285402218862249,5.807354922057604,5.643856189774724,5.727920454563199,5.754887502163468,5.20945336562895,5.491853096329675,5.169925001442312,5.700439718141092,5.087462841250339,5.584962500721156,5.523561956057013,5.754887502163468
GENE_0275,5.459431618637297,5.357552004618084,5.0,5.977279923499917,5.285402218862249,5.930737337562887,6.0,5.882643049361842,5.906890595608519,5.584962500721156,5.523561956057013,5.357552004618084,5.523561956057013,5.614709844115208,5.554588851677638,5.906890595608519,5.584962500721156,5.977279923499917,5.491853096329675,5.614709844115208
GENE_0276,5.882643049361842,5.832890014164741,5.930737337562887,5.614709844115208,5.584962500721156,5.754887502163468,5.700439718141092,5.491853096329675,5.426264754702098,5.491853096329675,5.643856189774724,5.321928094887363,5.614709844115208,5.78135971352466,5.727920454563199,5.700439718141092,5.491853096329675,5.906890595608519,5.523561956057013,5.807354922057604
GENE_0277,6.0,5.584962500721156,5.491853096329675,5.426264754702098,5.700439718141092,5.554588851677638,5.672425341971495,5.807354922057604,5.643856189774724,5.523561956057013,5.614709844115208,5.392317422778761,5.700439718141092,5.882643049361842,5.700439718141092,5.977279923499917,5.614709844115208,5.643856189774724,5.584962500721156,5.882643049361842
GENE_0278,5.643856189774724,5.491853096329675,5.727920454563199,5.906890595608519,5.584962500721156,5.857980995127572,5.857980995127572,5.459431618637297,5.321928094887363,5.20945336562895,5.727920454563199,5.614709844115208,5.491853096329675,5.392317422778761,6.0,5.700439718141092,5.554588851677638,5.426264754702098,5.459431618637297,5.554588851677638
GENE_0279,6.044394119358453,5.491853096329675,5.977279923499917,5.643856189774724,5.700439718141092,5.459431618637297,5.643856189774724,5.584962500721156,5.491853096329675,5.700439718141092,5.554588851677638,5.672425341971495,5.357552004618084,5.672425341971495,5.882643049361842,5.643856189774724,5.672425341971495,5.459431618637297,5.392317422778761,5.754887502163468
GENE_0280,5.807354922057604,5.727920454563199,5.672425341971495,5.754887502163468,5.754887502163468,5.807354922057604,5.672425341971495,5.643856189774724,5.584962500721156,5.459431618637297,5.832890014164741,5.727920454563199,5.643856189774724,5.643856189774724,5.930737337562887,5.426264754702098,5.285402218862249,5.584962500721156,5.643856189774724,6.022367813028454
GENE_0281,5.882643049361842,5.857980995127572,5.523561956057013,5.672425341971495,5.832890014164741,5.754887502163468,6.044394119358453,5.491853096329675,6.044394119358453,5.807354922057604,5.643856189774724,5.700439718141092,5.614709844115208,5.832890014164741,5.459431618637297,5.700439718141092,5.554588851677638,5.643856189774724,5.491853096329675,5.459431618637297
GENE_0282,5.584962500721156,5.807354922057604,5.954196310386875,5.426264754702098,5.523561956057013,5.754887502163468,5.321928094887363,5.807354922057604,5.285402218862249,5.491853096329675,5.459431618637297,5.554588851677638,5.459431618637297,5.857980995127572,5.285402218862249,5.832890014164741,5.700439718141092,5.832890014164741,5.614709844115208,5.857980995127572
GENE_0283,5.584962500721156,5.523561956057013,5.78135971352466,5.807354922057604,5.491853096329675,5.754887502163468,5.954196310386875,5.930737337562887,5.857980995127572,5.614709844115208,5.523561956057013,5.857980995127572,5.554588851677638,5.727920454563199,5.523561956057013,5.754887502163468,5.426264754702098,5.727920454563199,5.672425341971495,5.614709844115208
GENE_0284,5.614709844115208,5.643856189774724,5.392317422778761,5.523561956057013,5.614709844115208,5.78135971352466,5.700439718141092,5.392317422778761,5.523561956057013,5.672425341971495,5.554588851677638,5.554588851677638,5.807354922057604,5.857980995127572,5.727920454563199,5.832890014164741,5.754887502163468,5.614709844115208,5.672425341971495,5.672425341971495
GENE_0285,5.754887502163468,5.78135971352466,5.459431618637297,5.700439718141092,5.727920454563199,6.129283016944966,5.523561956057013,5.727920454563199,5.672425341971495,5.977279923499917,5.906890595608519,5.882643049361842,5.727920454563199,5.643856189774724,5.857980995127572,6.0,5.426264754702098,5.491853096329675,5.700439718141092,5.044394119358453
GENE_0286,5.882643049361842,5.584962500721156,5.727920454563199,5.78135971352466,5.614709844115208,5.392317422778761,5.321928094887363,5.285402218862249,5.700439718141092,5.285402218862249,5.754887502163468,5.523561956057013,6.0,5.832890014164741,5.832890014164741,5.459431618637297,5.857980995127572,5.727920454563199,5.357552004618084,5.523561956057013
GENE_0287,6.108524456778169,5.357552004618084,5.285402218862249,5.459431618637297,5.906890595608519,5.977279923499917,5.614709844115208,5.247927513443585,5.754887502163468,5.614709844115208,5.523561956057013,5.523561956057013,6.044394119358453,6.149747119504682,5.857980995127572,5.584962500721156,5.727920454563199,5.754887502163468,5.20945336562895,5.614709844115208
GENE_0288,5.930737337562887,5.700439718141092,5.523561956057013,5.672425341971495,5.754887502163468,5.459431618637297,5.285402218862249,5.954196310386875,5.754887502163468,5.78135971352466,5.491853096329675,5.672425341971495,5.672425341971495,6.129283016944966,5.857980995127572,5.700439718141092,5.584962500721156,5.392317422778761,5.727920454563199,5.554588851677638
GENE_0289,5.459431618637297,5.459431618637297,5.807354922057604,6.087462841250339,5.614709844115208,5.78135971352466,5.78135971352466,5.523561956057013,5.832890014164741,5.700439718141092,5.857980995127572,5.882643049361842,5.459431618637297,5.523561956057013,5.584962500721156,5.754887502163468,5.754887502163468,5.78135971352466,5.78135971352466,5.754887502163468
GENE_0290,5.643856189774724,5.78135971352466,5.554588851677638,5.78135971352466,5.584962500721156,5.700439718141092,5.672425341971495,5.754887502163468,5.392317422778761,5.754887502163468,5.614709844115208,5.930737337562887,5.906890595608519,5.357552004618084,5.807354922057604,5.672425341971495,5.554588851677638,5.426264754702098,5.832890014164741,5.78135971352466
GENE_0291,6.0,5.554588851677638,5.285402218862249,5.321928094887363,5.906890595608519,5.700439718141092,5.643856189774724,5.554588851677638,5.614709844115208,5.672425341971495,5.321928094887363,5.426264754702098,5.807354922057604,5.643856189774724,5.832890014164741,5.857980995127572,5.643856189774724,6.0,5.523561956057013,5.614709844115208
GENE_0292,5.285402218862249,5.491853096329675,5.643856189774724,5.672425341971495,5.672425341971495,5.321928094887363,6.022367813028454,5.672425341971495,5.882643049361842,5.832890014164741,5.321928094887363,5.672425341971495,5.554588851677638,5.392317422778761,5.643856189774724,5.643856189774724,5.807354922057604,6.066089190457772,5.954196310386875,5.672425341971495
GENE_0293,5.426264754702098,5.459431618637297,5.459431618637297,5.857980995127572,5.930737337562887,5.78135971352466,5.643856189774724,5.247927513443585,5.832890014164741,5.832890014164741,5.491853096329675,5.832890014164741,5.857980995127572,5.672425341971495,5.426264754702098,5.285402218862249,5.643856189774724,5.392317422778761,5.459431618637297,5.491853096329675
GENE_0294,5.754887502163468,5.832890014164741,5.357552004618084,5.930737337562887,5.392317422778761,5.754887502163468,5.614709844115208,5.554588851677638,5.392317422778761,5.357552004618084,5.554588851677638,5.584962500721156,5.554588851677638,5.392317422778761,5.459431618637297,5.392317422778761,5.523561956057013,5.321928094887363,5.754887502163468,5.247927513443585
GENE_0295,5.906890595608519,5.832890014164741,5.977279923499917,5.882643049361842,5.554588851677638,6.022367813028454,5.554588851677638,5.857980995127572,5.584962500721156,5.285402218862249,5.672425341971495,6.0,5.832890014164741,5.700439718141092,5.857980995127572,5.700439718141092,5.727920454563199,5.727920454563199,5.807354922057604,6.169925001442312
GENE_0296,6.066089190457772,5.78135971352466,5.584962500721156,5.78135971352466,5.700439718141092,5.977279923499917,5.807354922057604,5.754887502163468,5.554588851677638,5.392317422778761,5.584962500721156,5.930737337562887,5.700439718141092,5.930737337562887,5.584962500721156,5.459431618637297,5.807354922057604,5.491853096329675,5.554588851677638,5.727920454563199
GENE_0297,5.614709844115208,5.523561956057013,5.285402218862249,5.247927513443585,5.459431618637297,5.906890595608519,5.491853096329675,5.807354922057604,5.832890014164741,5.584962500721156,5.129283016944966,5.930737337562887,6.0,6.0,5.321928094887363,5.614709844115208,5.672425341971495,6.087462841250339,5.930737337562887,5.672425341971495
GENE_0298,5.614709844115208,5.882643049361842,5.20945336562895,5.832890014164741,5.727920454563199,5.906890595608519,5.554588851677638,5.459431618637297,5.614709844115208,5.672425341971495,5.700439718141092,5.554588851677638,5.523561956057013,5.672425341971495,5.754887502163468,5.807354922057604,5.643856189774724,5.643856189774724,5.832890014164741,5.700439718141092
GENE_0299,5.584962500721156,5.392317422778761,5.672425341971495,5.643856189774724,5.832890014164741,5.727920454563199,5.857980995127572,5.672425341971495,5.426264754702098,5.285402218862249,5.832890014164741,5.672425341971495,5.614709844115208,5.78135971352466,5.700439718141092,5.491853096329675,5.832890014164741,5.930737337562887,5.584962500721156,5.643856189774724
GENE_0300,5.554588851677638,5.754887502163468,5.930737337562887,5.459431618637297,5.727920454563199,5.523561956057013,5.78135971352466,5.700439718141092,5.832890014164741,5.832890014164741,5.930737337562887,5.857980995127572,5.491853096329675,5.584962500721156,5.643856189774724,5.78135971352466,5.882643049361842,5.554588851677638,5.392317422778761,5.392317422778761
GENE_0301,5.754887502163468,5.672425341971495,5.357552004618084,5.426264754702098,5.459431618637297,5.614709844115208,5.672425341971495,5.807354922057604,5.832890014164741,5.584962500721156,6.087462841250339,5.882643049361842,5.857980995127572,5.459431618637297,5.392317422778761,5.459431618637297,5.700439718141092,5.977279923499917,5.700439718141092,5.523561956057013
GENE_0302,5.614709844115208,5.700439718141092,5.700439718141092,6.0,5.459431618637297,5.727920454563199,5.584962500721156,5.727920454563199,6.169925001442312,5.426264754702098,5.700439718141092,5.906890595608519,5.930737337562887,5.857980995127572,5.357552004618084,5.643856189774724,5.491853096329675,5.672425341971495,5.643856189774724,5.672425341971495
GENE_0303,5.807354922057604,5.700439718141092,6.0,5.459431618637297,5.643856189774724,5.882643049361842,5.523561956057013,5.672425341971495,5.930737337562887,5.643856189774724,5.807354922057604,5.643856189774724,5.754887502163468,5.459431618637297,5.523561956057013,5.614709844115208,6.022367813028454,5.247927513443585,5.523561956057013,5.523561956057013
GENE_0304,5.672425341971495,5.727920454563199,5.643856189774724,5.554588851677638,5.554588851677638,5.614709844115208,5.672425341971495,5.754887502163468,5.643856189774724,5.857980995127572,5.78135971352466,5.614709844115208,5.426264754702098,5.491853096329675,5.491853096329675,5.857980995127572,5.727920454563199,5.882643049361842,5.807354922057604,5.643856189774724
GENE_0305,5.672425341971495,5.727920454563199,5.523561956057013,5.357552004618084,5.807354922057604,5.78135971352466,5.357552004618084,5.459431618637297,5.614709844115208,5.832890014164741,5.78135971352466,5.857980995127572,5.727920454563199,5.614709844115208,5.643856189774724,5.78135971352466,5.321928094887363,5.247927513443585,5.700439718141092,5.392317422778761
GENE_0306,5.247927513443585,5.807354922057604,5.643856189774724,4.906890595608519,5.523561956057013,5.807354922057604,5.614709844115208,5.832890014164741,5.807354922057604,5.977279923499917,5.672425341971495,6.022367813028454,5.392317422778761,5.392317422778761,5.700439718141092,5.832890014164741,5.584962500721156,5.672425341971495,5.357552004618084,5.129283016944966
GENE_0307,5.643856189774724,5.700439718141092,5.832890014164741,5.727920454563199,5.930737337562887,5.727920454563199,5.672425341971495,5.930737337562887,5.614709844115208,5.643856189774724,5.614709844115208,5.459431618637297,5.700439718141092,5.78135971352466,5.523561956057013,5.832890014164741,5.857980995127572,5.754887502163468,6.022367813028454,5.491853096329675
GENE_0308,5.832890014164741,5.426264754702098,5.78135971352466,5.672425341971495,5.700439718141092,5.459431618637297,5.523561956057013,5.672425341971495,5.247927513443585,5.672425341971495,5.459431618637297,5.523561956057013,5.285402218862249,5.554588851677638,5.672425341971495,5.727920454563199,5.584962500721156,5.906890595608519,5.700439718141092,5.426264754702098
GENE_0309,5.807354922057604,5.392317422778761,5.584962500721156,5.906890595608519,5.643856189774724,5.392317422778761,5.491853096329675,5.321928094887363,5.321928094887363,6.0,5.727920454563199,6.0,5.087462841250339,5.247927513443585,5.78135971352466,5.584962500721156,5.491853096329675,5.857980995127572,5.727920454563199,5.491853096329675
GENE_0310,5.643856189774724,5.727920454563199,5.554588851677638,5.78135971352466,5.643856189774724,5.459431618637297,5.247927513443585,5.727920454563199,5.832890014164741,5.954196310386875,5.491853096329675,5.169925001442312,5.700439718141092,5.672425341971495,5.459431618637297,5.754887502163468,5.906890595608519,5.954196310386875,5.832890014164741,5.523561956057013
GENE_0311,5.807354922057604,5.78135971352466,6.022367813028454,5.78135971352466,6.087462841250339,5.672425341971495,5.491853096329675,5.523561956057013,5.643856189774724,5.643856189774724,5.554588851677638,5.129283016944966,5.727920454563199,5.426264754702098,5.807354922057604,6.066089190457772,5.554588851677638,5.672425341971495,5.357552004618084,5.832890014164741
GENE_0312,5.614709844115208,5.459431618637297,5.523561956057013,5.491853096329675,5.459431618637297,5.754887502163468,5.643856189774724,5.672425341971495,5.857980995127572,5.392317422778761,5.954196310386875,5.906890595608519,5.672425341971495,5.906890595608519,5.491853096329675,5.392317422778761,5.459431618637297,5.977279923499917,5.321928094887363,5.584962500721156
GENE_0313,5.643856189774724,5.643856189774724,5.426264754702098,5.857980995127572,5.857980995127572,5.459431618637297,5.832890014164741,5.857980995127572,5.78135971352466,5.700439718141092,5.754887502163468,5.459431618637297,5.491853096329675,5.584962500721156,5.584962500721156,5.614709844115208,5.584962500721156,5.977279923499917,5.700439718141092,5.78135971352466
GENE_0314,5.584962500721156,5.78135971352466,5.554588851677638,5.954196310386875,5.754887502163468,5.491853096329675,5.754887502163468,5.727920454563199,5.882643049361842,5.426264754702098,5.426264754702098,5.832890014164741,5.832890014164741,5.491853096329675,5.754887502163468,5.727920454563199,5.672425341971495,5.643856189774724,5.78135971352466,5.523561956057013
GENE_0315,5.807354922057604,5.614709844115208,5.491853096329675,5.754887502163468,5.584962500721156,5.727920454563199,5.614709844115208,5.930737337562887,5.392317422778761,5.882643049361842,5.906890595608519,5.459431618637297,5.78135971352466,5.882643049361842,5.882643049361842,5.930737337562887,6.022367813028454,5.491853096329675,5.643856189774724,5.523561956057013
GENE_0316,5.977279923499917,5.584962500721156,5.700439718141092,5.754887502163468,5.882643049361842,6.0,5.807354922057604,5.554588851677638,5.807354922057604,5.930737337562887,5.78135971352466,5.392317422778761,5.672425341971495,5.554588851677638,5.491853096329675,6.022367813028454,5.727920454563199,5.906890595608519,5.727920454563199,5.643856189774724
GENE_0317,5.857980995127572,5.78135971352466,5.906890595608519,5.672425341971495,5.643856189774724,5.643856189774724,5.643856189774724,5.700439718141092,5.459431618637297,5.906890595608519,5.78135971352466,5.426264754702098,5.584962500721156,5.882643049361842,5.954196310386875,5.807354922057604,5.727920454563199,5.672425341971495,5.807354922057604,6.066089190457772
GENE_0318,5.727920454563199,5.727920454563199,5.807354922057604,5.906890595608519,5.584962500721156,5.672425341971495,5.700439718141092,5.614709844115208,5.614709844115208,5.584962500721156,5.754887502163468,5.832890014164741,5.643856189774724,5.523561956057013,5.930737337562887,5.643856189774724,5.169925001442312,5.643856189774724,5.584962500721156,5.700439718141092
GENE_0319,5.857980995127572,5.672425341971495,5.285402218862249,5.954196310386875,5.523561956057013,5.523561956057013,5.700439718141092,5.614709844115208,5.807354922057604,5.754887502163468,5.672425341971495,5.321928094887363,5.584962500721156,5.977279923499917,5.672425341971495,5.857980995127572,5.523561956057013,5.672425341971495,5.426264754702098,5.906890595608519
GENE_0320,5.930737337562887,5.426264754702098,5.643856189774724,5.857980995127572,6.044394119358453,5.459431618637297,5.357552004618084,5.459431618637297,5.357552004618084,5.754887502163468,5.78135971352466,5.357552004618084,5.392317422778761,5.807354922057604,5.584962500721156,5.727920454563199,5.523561956057013,5.832890014164741,5.78135971352466,5.700439718141092
GENE_0321,5.523561956057013,5.906890595608519,5.700439718141092,5.614709844115208,5.857980995127572,5.643856189774724,5.727920454563199,5.930737337562887,5.614709844115208,5.614709844115208,5.700439718141092,5.882643049361842,5.643856189774724,5.954196310386875,5.857980995127572,5.459431618637297,5.832890014164741,5.807354922057604,5.614709844115208,5.491853096329675
GENE_0322,5.554588851677638,5.672425341971495,5.78135971352466,5.700439718141092,5.727920454563199,5.727920454563199,5.459431618637297,5.954196310386875,5.554588851677638,5.977279923499917,5.857980995127572,5.832890014164741,6.0,5.491853096329675,5.426264754702098,5.700439718141092,5.523561956057013,5.906890595608519,5.727920454563199,5.554588851677638
GENE_0323,5.614709844115208,5.459431618637297,5.614709844115208,5.727920454563199,5.285402218862249,5.321928094887363,5.584962500721156,5.614709844115208,5.832890014164741,5.977279923499917,5.672425341971495,5.614709844115208,5.832890014164741,5.977279923499917,5.672425341971495,5.523561956057013,5.584962500721156,5.614709844115208,5.977279923499917,5.643856189774724
GENE_0324,5.754887502163468,5.321928094887363,5.643856189774724,5.554588851677638,5.954196310386875,5.754887502163468,5.357552004618084,5.357552004618084,5.700439718141092,5.392317422778761,5.754887502163468,5.700439718141092,5.584962500721156,5.491853096329675,5.977279923499917,5.321928094887363,5.491853096329675,5.754887502163468,5.491853096329675,5.584962500721156
GENE_0325,5.857980995127572,5.459431618637297,5.426264754702098,5.584962500721156,5.392317422778761,5.672425341971495,5.700439718141092,5.643856189774724,5.392317422778761,5.930737337562887,5.357552004618084,5.727920454563199,5.584962500721156,5.20945336562895,5.247927513443585,5.857980995127572,5.285402218862249,5.554588851677638,5.523561956057013,5.807354922057604
GENE_0326,5.643856189774724,5.857980995127572,5.954196310386875,6.022367813028454,5.727920454563199,5.554588851677638,5.807354922057604,5.392317422778761,5.426264754702098,5.426264754702098,5.491853096329675,5.882643049361842,5.727920454563199,5.700439718141092,5.906890595608519,5.554588851677638,5.754887502163468,5.643856189774724,5.426264754702098,5.247927513443585
GENE_0327,5.554588851677638,5.807354922057604,5.78135971352466,5.672425341971495,5.906890595608519,5.523561956057013,5.044394119358453,5.554588851677638,5.523561956057013,5.459431618637297,6.0,5.459431618637297,6.0,5.857980995127572,5.882643049361842,5.523561956057013,5.857980995127572,5.491853096329675,5.426264754702098,5.554588851677638
GENE_0328,5.044394119358453,5.930737337562887,5.614709844115208,5.584962500721156,5.643856189774724,5.727920454563199,5.523561956057013,5.491853096329675,5.672425341971495,6.044394119358453,5.554588851677638,5.832890014164741,5.700439718141092,5.700439718141092,5.700439718141092,5.754887502163468,5.700439718141092,5.584962500721156,5.930737337562887,6.0
GENE_0329,5.78135971352466,5.643856189774724,5.426264754702098,5.754887502163468,5.930737337562887,5.672425341971495,5.807354922057604,5.727920454563199,6.022367813028454,5.700439718141092,5.643856189774724,5.643856189774724,5.672425341971495,5.087462841250339,5.614709844115208,5.459431618637297,5.672425341971495,5.357552004618084,5.857980995127572,5.78135971352466
GENE_0330,5.643856189774724,5.906890595608519,5.807354922057604,5.584962500721156,5.727920454563199,5.357552004618084,5.584962500721156,5.977279923499917,5.700439718141092,5.832890014164741,5.754887502163468,5.882643049361842,5.643856189774724,5.584962500721156,5.357552004618084,5.169925001442312,5.247927513443585,5.321928094887363,5.523561956057013,5.906890595608519
GENE_0331,5.523561956057013,5.832890014164741,5.700439718141092,5.700439718141092,5.523561956057013,5.78135971352466,5.672425341971495,5.643856189774724,5.754887502163468,5.700439718141092,5.832890014164741,5.643856189774724,5.087462841250339,5.614709844115208,6.022367813028454,5.554588851677638,5.882643049361842,5.491853096329675,5.672425341971495,5.930737337562887
GENE_0332,5.954196310386875,5.954196310386875,5.459431618637297,5.643856189774724,6.044394119358453,5.643856189774724,5.643856189774724,5.832890014164741,5.584962500721156,5.700439718141092,5.727920454563199,5.554588851677638,5.491853096329675,5.700439718141092,5.727920454563199,5.614709844115208,5.643856189774724,5.700439718141092,5.700439718141092,5.643856189774724
GENE_0333,5.392317422778761,5.554588851677638,5.78135971352466,5.700439718141092,6.0,5.78135971352466,5.754887502163468,5.832890014164741,6.022367813028454,5.78135971352466,6.169925001442312,5.672425341971495,5.554588851677638,5.392317422778761,5.906890595608519,5.554588851677638,5.285402218862249,5.426264754702098,5.807354922057604,5.807354922057604
GENE_0334,5.357552004618084,5.643856189774724,5.672425341971495,5.554588851677638,5.700439718141092,5.614709844115208,5.78135971352466,5.584962500721156,5.321928094887363,5.807354922057604,5.643856189774724,5.977279923499917,5.459431618637297,6.087462841250339,5.78135971352466,5.584962500721156,6.0,5.857980995127572,5.459431618637297,5.426264754702098
GENE_0335,5.523561956057013,5.857980995127572,5.426264754702098,5.0,5.554588851677638,5.523561956057013,5.672425341971495,5.614709844115208,5.614709844115208,5.754887502163468,5.523561956057013,5.584962500721156,5.0,5.459431618637297,5.614709844115208,5.491853096329675,5.954196310386875,5.459431618637297,5.459431618637297,5.584962500721156
GENE_0336,5.700439718141092,5.807354922057604,5.584962500721156,5.584962500721156,5.700439718141092,5.285402218862249,5.169925001442312,5.584962500721156,5.584962500721156,5.906890595608519,5.754887502163468,5.643856189774724,5.727920454563199,5.614709844115208,5.285402218862249,5.426264754702098,5.700439718141092,5.247927513443585,5.672425341971495,5.906890595608519
GENE_0337,5.584962500721156,5.491853096329675,5.727920454563199,5.614709844115208,5.643856189774724,5.727920454563199,5.614709844115208,5.491853096329675,5.672425341971495,5.554588851677638,5.78135971352466,5.700439718141092,5.807354922057604,5.78135971352466,5.491853096329675,5.672425341971495,5.523561956057013,5.643856189774724,5.523561956057013,5.857980995127572
GENE_0338,5.554588851677638,5.78135971352466,5.78135971352466,5.614709844115208,5.426264754702098,5.321928094887363,5.954196310386875,5.882643049361842,5.78135971352466,5.491853096329675,5.426264754702098,5.491853096329675,5.672425341971495,5.807354922057604,5.584962500721156,5.523561956057013,5.857980995127572,5.285402218862249,5.614709844115208,5.584962500721156
GENE_0339,5.584962500721156,5.614709844115208,5.321928094887363,5.554588851677638,5.554588851677638,5.554588851677638,5.727920454563199,5.491853096329675,5.727920454563199,5.459431618637297,5.930737337562887,5.754887502163468,5.906890595608519,5.672425341971495,5.807354922057604,5.426264754702098,5.882643049361842,5.700439718141092,5.643856189774724,5.807354922057604
GENE_0340,5.554588851677638,5.614709844115208,5.754887502163468,5.727920454563199,5.832890014164741,5.754887502163468,5.672425341971495,5.426264754702098,6.044394119358453,5.754887502163468,5.857980995127572,5.807354922057604,5.672425341971495,5.554588851677638,5.930737337562887,5.807354922057604,5.129283016944966,5.78135971352466,5.754887502163468,5.584962500721156
GENE_0341,5.426264754702098,5.087462841250339,5.584962500721156,5.754887502163468,5.754887502163468,5.426264754702098,5.754887502163468,5.614709844115208,5.459431618637297,5.459431618637297,5.584962500721156,5.491853096329675,5.700439718141092,5.459431618637297,5.727920454563199,5.614709844115208,5.672425341971495,5.672425341971495,5.700439718141092,5.392317422778761
GENE_0342,5.672425341971495,5.614709844115208,5.882643049361842,5.584962500721156,5.754887502163468,5.882643049361842,6.044394119358453,5.392317422778761,4.906890595608519,5.614709844115208,5.906890595608519,5.700439718141092,5.459431618637297,5.832890014164741,5.906890595608519,5.491853096329675,5.754887502163468,5.807354922057604,5.727920454563199,5.727920454563199
GENE_0343,5.727920454563199,6.0,5.523561956057013,5.554588851677638,5.700439718141092,5.807354922057604,5.832890014164741,5.832890014164741,5.78135971352466,5.754887502163468,5.882643049361842,5.392317422778761,5.807354922057604,5.727920454563199,5.807354922057604,5.672425341971495,5.523561956057013,5.554588851677638,5.554588851677638,5.727920454563199
GENE_0344,5.807354922057604,4.906890595608519,5.832890014164741,5.727920454563199,5.523561956057013,5.672425341971495,5.882643049361842,5.672425341971495,5.491853096329675,5.882643049361842,5.857980995127572,5.857980995127572,5.459431618637297,5.78135971352466,5.614709844115208,5.672425341971495,5.426264754702098,5.857980995127572,5.672425341971495,5.832890014164741
GENE_0345,5.754887502163468,5.700439718141092,5.754887502163468,5.614709844115208,5.614709844115208,5.247927513443585,5.672425341971495,5.584962500721156,5.727920454563199,5.554588851677638,5.392317422778761,5.700439718141092,5.643856189774724,5.807354922057604,5.78135971352466,5.954196310386875,5.727920454563199,5.554588851677638,5.672425341971495,5.459431618637297
GENE_0346,5.459431618637297,5.672425341971495,5.727920454563199,5.357552004618084,5.727920454563199,5.700439718141092,5.807354922057604,5.727920454563199,5.954196310386875,5.882643049361842,5.754887502163468,5.857980995127572,5.554588851677638,5.954196310386875,5.78135971352466,5.882643049361842,5.643856189774724,5.523561956057013,5.584962500721156,5.857980995127572
GENE_0347,5.459431618637297,5.672425341971495,5.321928094887363,5.491853096329675,5.672425341971495,5.807354922057604,5.700439718141092,5.523561956057013,5.727920454563199,5.78135971352466,5.247927513443585,5.523561956057013,5.643856189774724,5.584962500721156,5.954196310386875,6.066089190457772,6.022367813028454,5.643856189774724,5.754887502163468,5.807354922057604
GENE_0348,5.614709844115208,5.426264754702098,5.727920454563199,5.426264754702098,5.426264754702098,5.491853096329675,5.906890595608519,5.807354922057604,5.584962500721156,5.459431618637297,5.285402218862249,6.108524456778169,5.426264754702098,5.727920454563199,5.807354922057604,5.882643049361842,5.700439718141092,5.807354922057604,5.523561956057013,5.426264754702098
GENE_0349,5.321928094887363,5.857980995127572,5.523561956057013,5.554588851677638,5.247927513443585,5.700439718141092,5.584962500721156,5.700439718141092,5.78135971352466,5.857980995127572,5.930737337562887,5.930737337562887,5.643856189774724,6.0,6.0,5.727920454563199,5.554588851677638,5.78135971352466,5.523561956057013,5.643856189774724
GENE_0350,5.832890014164741,5.754887502163468,5.672425341971495,5.584962500721156,5.672425341971495,5.321928094887363,5.672425341971495,5.459431618637297,5.285402218862249,5.700439718141092,5.672425341971495,5.700439718141092,5.459431618637297,5.672425341971495,5.643856189774724,5.807354922057604,5.491853096329675,5.930737337562887,5.857980995127572,5.700439718141092
GENE_0351,5.807354922057604,5.584962500721156,5.727920454563199,5.700439718141092,5.392317422778761,5.643856189774724,5.700439718141092,5.857980995127572,5.285402218862249,6.129283016944966,5.807354922057604,5.554588851677638,5.754887502163468,5.807354922057604,5.807354922057604,5.614709844115208,5.754887502163468,5.285402218862249,5.700439718141092,5.491853096329675
GENE_0352,5.426264754702098,5.672425341971495,5.392317422778761,5.614709844115208,5.832890014164741,5.727920454563199,5.700439718141092,5.857980995127572,5.727920454563199,5.882643049361842,5.807354922057604,5.584962500721156,5.672425341971495,5.832890014164741,5.882643049361842,5.78135971352466,5.700439718141092,5.727920454563199,5.882643049361842,5.614709844115208
GENE_0353,5.614709844115208,5.643856189774724,5.491853096329675,5.459431618637297,5.584962500721156,5.392317422778761,5.321928094887363,5.321928094887363,5.700439718141092,5.614709844115208,5.321928094887363,5.672425341971495,5.807354922057604,5.807354922057604,5.727920454563199,5.78135971352466,5.392317422778761,5.727920454563199,5.977279923499917,6.189824558880018
GENE_0354,5.700439718141092,5.672425341971495,5.727920454563199,5.807354922057604,5.832890014164741,5.491853096329675,5.285402218862249,5.554588851677638,5.672425341971495,5.426264754702098,5.614709844115208,5.700439718141092,5.857980995127572,5.832890014164741,5.807354922057604,5.954196310386875,5.523561956057013,5.554588851677638,5.672425341971495,5.672425341971495
GENE_0355,5.491853096329675,5.672425341971495,5.357552004618084,5.584962500721156,5.614709844115208,5.554588851677638,5.754887502163468,5.807354922057604,5.643856189774724,5.491853096329675,5.700439718141092,5.906890595608519,5.727920454563199,5.643856189774724,5.20945336562895,5.882643049361842,5.426264754702098,5.727920454563199,5.832890014164741,5.672425341971495
GENE_0356,5.672425341971495,5.954196310386875,5.614709844115208,5.727920454563199,5.672425341971495,5.700439718141092,5.832890014164741,5.807354922057604,5.459431618637297,5.807354922057604,5.857980995127572,5.643856189774724,5.643856189774724,5.754887502163468,5.832890014164741,5.754887502163468,5.523561956057013,5.523561956057013,5.857980995127572,5.700439718141092
GENE_0357,5.977279923499917,5.754887502163468,5.459431618637297,5.523561956057013,5.584962500721156,6.149747119504682,5.807354922057604,5.491853096329675,5.584962500721156,5.754887502163468,5.832890014164741,5.584962500721156,5.78135971352466,5.832890014164741,5.523561956057013,5.357552004618084,5.491853096329675,5.426264754702098,5.700439718141092,5.700439718141092
GENE_0358,5.977279923499917,5.554588851677638,5.584962500721156,5.392317422778761,5.727920454563199,5.285402218862249,5.614709844115208,5.643856189774724,5.700439718141092,5.954196310386875,5.491853096329675,5.392317422778761,5.554588851677638,5.700439718141092,5.554588851677638,6.044394119358453,5.20945336562895,5.392317422778761,5.727920454563199,5.643856189774724
GENE_0359,5.614709844115208,5.832890014164741,5.643856189774724,5.584962500721156,5.584962500721156,5.78135971352466,5.727920454563199,5.78135971352466,5.906890595608519,5.643856189774724,6.0,5.977279923499917,5.523561956057013,5.672425341971495,5.672425341971495,5.491853096329675,5.977279923499917,5.727920454563199,5.672425341971495,5.392317422778761
GENE_0360,5.247927513443585,5.807354922057604,6.0,5.700439718141092,5.614709844115208,5.459431618637297,5.930737337562887,5.754887502163468,5.643856189774724,6.0,5.392317422778761,6.044394119358453,5.672425341971495,5.643856189774724,5.857980995127572,5.906890595608519,5.614709844115208,5.614709844115208,5.977279923499917,5.584962500721156
GENE_0361,5.754887502163468,5.700439718141092,5.807354922057604,5.754887502163468,5.832890014164741,5.727920454563199,5.643856189774724,4.807354922057604,5.247927513443585,5.672425341971495,5.321928094887363,5.554588851677638,5.754887502163468,5.584962500721156,5.523561956057013,5.491853096329675,5.832890014164741,5.459431618637297,5.882643049361842,5.554588851677638
GENE_0362,5.357552004618084,5.247927513443585,5.614709844115208,5.087462841250339,5.832890014164741,5.807354922057604,5.614709844115208,6.066089190457772,5.672425341971495,5.754887502163468,5.754887502163468,5.807354922057604,5.643856189774724,5.643856189774724,5.672425341971495,5.523561956057013,5.584962500721156,5.285402218862249,5.554588851677638,5.700439718141092
GENE_0363,5.459431618637297,5.672425341971495,5.754887502163468,5.672425341971495,5.672425341971495,5.807354922057604,5.700439718141092,5.78135971352466,5.754887502163468,5.672425341971495,5.78135971352466,5.426264754702098,5.78135971352466,5.523561956057013,5.954196310386875,5.20945336562895,5.357552004618084,5.754887502163468,5.832890014164741,5.584962500721156
GENE_0364,5.614709844115208,5.807354922057604,5.930737337562887,5.392317422778761,5.906890595608519,5.523561956057013,5.584962500721156,5.491853096329675,5.954196310386875,5.459431618637297,5.426264754702098,5.700439718141092,5.672425341971495,5.426264754702098,5.754887502163468,5.78135971352466,5.554588851677638,5.614709844115208,5.78135971352466,5.584962500721156
GENE_0365,5.357552004618084,5.807354922057604,5.700439718141092,5.357552004618084,5.807354922057604,5.357552004618084,5.754887502163468,5.584962500721156,5.426264754702098,5.614709844115208,5.78135971352466,5.523561956057013,5.882643049361842,5.584962500721156,5.285402218862249,5.614709844115208,5.491853096329675,5.357552004618084,5.491853096329675,5.954196310386875
GENE_0366,5.614709844115208,5.954196310386875,5.643856189774724,5.554588851677638,5.523561956057013,6.087462841250339,5.459431618637297,5.523561956057013,5.930737337562887,5.20945336562895,5.727920454563199,5.643856189774724,5.882643049361842,5.857980995127572,5.78135971352466,5.357552004618084,5.491853096329675,5.584962500721156,5.491853096329675,5.614709844115208
GENE_0367,5.169925001442312,5.832890014164741,5.906890595608519,6.149747119504682,5.643856189774724,5.584962500721156,5.727920454563199,5.700439718141092,5.614709844115208,6.044394119358453,5.523561956057013,5.857980995127572,5.285402218862249,5.672425341971495,6.066089190457772,5.807354922057604,5.491853096329675,5.672425341971495,5.523561956057013,5.672425341971495
GENE_0368,5.459431618637297,5.554588851677638,5.832890014164741,5.584962500721156,6.022367813028454,5.392317422778761,5.672425341971495,5.169925001442312,5.954196310386875,5.643856189774724,5.614709844115208,5.727920454563199,5.426264754702098,5.727920454563199,5.321928094887363,5.584962500721156,5.523561956057013,5.700439718141092,5.584962500721156,5.426264754702098
GENE_0369,5.614709844115208,5.832890014164741,5.700439718141092,5.882643049361842,5.754887502163468,5.754887502163468,5.727920454563199,5.614709844115208,5.614709844115208,5.614709844115208,5.832890014164741,5.247927513443585,5.930737337562887,5.554588851677638,5.491853096329675,5.643856189774724,5.700439718141092,5.882643049361842,5.614709844115208,5.20945336562895
GENE_0370,5.700439718141092,5.700439718141092,5.643856189774724,5.643856189774724,5.807354922057604,5.807354922057604,5.643856189774724,5.78135971352466,5.554588851677638,5.807354922057604,5.832890014164741,5.78135971352466,5.754887502163468,5.643856189774724,5.906890595608519,5.584962500721156,5.727920454563199,5.882643049361842,5.672425341971495,5.554588851677638
GENE_0371,5.643856189774724,5.78135971352466,5.643856189774724,5.882643049361842,5.672425341971495,5.78135971352466,5.643856189774724,5.807354922057604,5.700439718141092,5.643856189774724,5.882643049361842,5.882643049361842,5.392317422778761,5.882643049361842,5.392317422778761,5.930737337562887,5.614709844115208,5.727920454563199,5.459431618637297,5.754887502163468
GENE_0372,5.727920454563199,5.554588851677638,5.882643049361842,5.614709844115208,5.584962500721156,5.392317422778761,5.700439718141092,5.523561956057013,5.247927513443585,5.392317422778761,5.584962500721156,5.357552004618084,5.614709844115208,5.672425341971495,5.491853096329675,5.614709844115208,5.807354922057604,5.832890014164741,5.584962500721156,5.643856189774724
GENE_0373,5.672425341971495,5.614709844115208,5.584962500721156,5.906890595608519,5.491853096329675,5.584962500721156,5.807354922057604,5.169925001442312,5.807354922057604,5.754887502163468,5.643856189774724,5.554588851677638,5.807354922057604,5.554588851677638,5.78135971352466,5.857980995127572,5.78135971352466,5.459431618637297,5.426264754702098,5.523561956057013
GENE_0374,5.754887502163468,5.930737337562887,5.0,5.523561956057013,5.584962500721156,5.491853096329675,5.700439718141092,5.832890014164741,5.78135971352466,5.930737337562887,5.087462841250339,5.700439718141092,5.700439718141092,5.523561956057013,5.169925001442312,5.78135971352466,5.727920454563199,5.321928094887363,5.584962500721156,5.426264754702098
GENE_0375,5.807354922057604,5.832890014164741,5.459431618637297,5.807354922057604,5.321928094887363,5.554588851677638,5.392317422778761,5.727920454563199,5.523561956057013,5.321928094887363,5.357552004618084,5.426264754702098,5.78135971352466,5.882643049361842,5.392317422778761,5.832890014164741,5.614709844115208,5.700439718141092,5.754887502163468,5.285402218862249
GENE_0376,5.426264754702098,5.754887502163468,5.78135971352466,5.392317422778761,6.066089190457772,5.285402218862249,5.906890595608519,5.882643049361842,5.977279923499917,5.584962500721156,5.882643049361842,5.392317422778761,5.754887502163468,5.614709844115208,5.672425341971495,5.672425341971495,5.584962500721156,5.643856189774724,5.78135971352466,5.491853096329675
GENE_0377,5.832890014164741,5.523561956057013,5.727920454563199,5.321928094887363,5.832890014164741,5.584962500721156,5.614709844115208,5.832890014164741,5.614709844115208,5.727920454563199,5.857980995127572,5.672425341971495,5.807354922057604,6.087462841250339,5.523561956057013,5.20945336562895,5.392317422778761,5.426264754702098,5.584962500721156,5.554588851677638
GENE_0378,6.022367813028454,5.554588851677638,5.754887502163468,5.882643049361842,5.754887502163468,5.169925001442312,6.108524456778169,5.584962500721156,5.672425341971495,5.807354922057604,5.491853096329675,5.357552004618084,5.584962500721156,5.882643049361842,5.857980995127572,5.169925001442312,5.584962500721156,5.491853096329675,5.700439718141092,5.727920454563199
GENE_0379,5.491853096329675,5.727920454563199,5.584962500721156,6.022367813028454,5.807354922057604,5.584962500721156,5.643856189774724,5.614709844115208,5.807354922057604,5.554588851677638,5.459431618637297,5.426264754702098,5.754887502163468,5.906890595608519,5.491853096329675,5.643856189774724,5.392317422778761,5.727920454563199,5.584962500721156,5.700439718141092
GENE_0380,5.584962500721156,5.672425341971495,5.643856189774724,5.954196310386875,5.700439718141092,5.727920454563199,5.930737337562887,5.700439718141092,5.459431618637297,5.832890014164741,5.930737337562887,5.672425341971495,5.672425341971495,5.392317422778761,5.78135971352466,5.807354922057604,5.754887502163468,5.700439718141092,5.285402218862249,5.700439718141092
GENE_0381,5.857980995127572,5.807354922057604,5.491853096329675,5.247927513443585,5.643856189774724,5.554588851677638,5.491853096329675,5.672425341971495,5.087462841250339,5.643856189774724,5.807354922057604,5.426264754702098,5.523561956057013,5.672425341971495,5.554588851677638,5.643856189774724,5.906890595608519,5.672425341971495,5.357552004618084,5.832890014164741
GENE_0382,5.357552004618084,5.807354922057604,5.754887502163468,5.392317422778761,5.392317422778761,5.426264754702098,5.78135971352466,5.392317422778761,5.554588851677638,5.357552004618084,5.832890014164741,5.807354922057604,5.807354922057604,5.426264754702098,5.584962500721156,5.169925001442312,5.78135971352466,5.554588851677638,5.321928094887363,5.554588851677638
GENE_0383,5.882643049361842,6.0,5.977279923499917,5.727920454563199,5.832890014164741,5.672425341971495,5.584962500721156,5.727920454563199,5.643856189774724,5.357552004618084,5.977279923499917,5.807354922057604,5.523561956057013,5.754887502163468,5.882643049361842,5.672425341971495,5.882643049361842,5.491853096329675,5.392317422778761,5.554588851677638
GENE_0384,5.832890014164741,5.882643049361842,5.614709844115208,5.357552004618084,5.643856189774724,5.491853096329675,5.78135971352466,5.426264754702098,5.727920454563199,5.357552004618084,5.807354922057604,5.643856189774724,5.700439718141092,5.78135971352466,5.643856189774724,5.906890595608519,5.523561956057013,5.584962500721156,5.554588851677638,5.087462841250339
GENE_0385,5.584962500721156,5.882643049361842,5.285402218862249,5.700439718141092,6.0,4.906890595608519,5.491853096329675,5.882643049361842,5.727920454563199,5.672425341971495,5.643856189774724,5.977279923499917,5.672425341971495,5.426264754702098,5.129283016944966,5.554588851677638,5.832890014164741,5.491853096329675,5.727920454563199,5.643856189774724
GENE_0386,5.930737337562887,5.754887502163468,5.78135971352466,5.727920454563199,5.807354922057604,5.554588851677638,5.459431618637297,5.643856189774724,5.321928094887363,5.930737337562887,5.727920454563199,5.357552004618084,5.78135971352466,5.672425341971495,5.614709844115208,5.491853096329675,5.727920454563199,5.491853096329675,5.672425341971495,5.523561956057013
GENE_0387,5.491853096329675,6.087462841250339,5.643856189774724,5.78135971352466,5.78135971352466,5.930737337562887,5.930737337562887,5.523561956057013,5.700439718141092,6.044394119358453,5.930737337562887,5.754887502163468,5.832890014164741,6.247927513443585,5.392317422778761,5.614709844115208,5.554588851677638,5.523561956057013,5.169925001442312,5.807354922057604
GENE_0388,5.491853096329675,5.321928094887363,5.78135971352466,5.554588851677638,5.754887502163468,5.882643049361842,5.584962500721156,6.022367813028454,5.554588851677638,5.672425341971495,5.554588851677638,5.754887502163468,5.357552004618084,5.584962500721156,5.977279923499917,5.857980995127572,5.672425341971495,5.643856189774724,5.78135971352466,5.584962500721156
GENE_0389,5.643856189774724,5.78135971352466,5.491853096329675,5.807354922057604,5.614709844115208,5.672425341971495,5.491853096329675,5.78135971352466,5.614709844115208,5.643856189774724,5.727920454563199,6.189824558880018,5.930737337562887,5.523561956057013,5.614709844115208,5.614709844115208,5.754887502163468,5.754887502163468,5.614709844115208,5.700439718141092
GENE_0390,5.672425341971495,5.78135971352466,5.584962500721156,5.754887502163468,5.523561956057013,5.906890595608519,5.357552004618084,5.754887502163468,5.906890595608519,5.614709844115208,5.614709844115208,5.954196310386875,5.882643049361842,5.491853096329675,5.614709844115208,5.614709844115208,5.20945336562895,5.832890014164741,5.807354922057604,5.392317422778761
GENE_0391,5.832890014164741,5.584962500721156,5.614709844115208,5.727920454563199,5.584962500721156,5.459431618637297,5.392317422778761,6.0,6.0,5.554588851677638,5.78135971352466,6.0,5.78135971352466,5.426264754702098,5.672425341971495,5.459431618637297,5.614709844115208,5.392317422778761,5.78135971352466,5.754887502163468
GENE_0392,5.954196310386875,5.129283016944966,5.20945336562895,5.614709844115208,5.426264754702098,5.584962500721156,5.614709844115208,6.022367813028454,5.321928094887363,5.672425341971495,5.459431618637297,5.977279923499917,5.857980995127572,5.392317422778761,5.727920454563199,5.754887502163468,5.357552004618084,5.977279923499917,5.727920454563199,5.643856189774724
GENE_0393,5.584962500721156,5.672425341971495,5.700439718141092,5.584962500721156,5.523561956057013,5.700439718141092,5.426264754702098,5.882643049361842,6.0,5.491853096329675,5.584962500721156,5.554588851677638,5.523561956057013,5.78135971352466,5.357552004618084,5.523561956057013,5.672425341971495,5.357552004618084,6.108524456778169,5.554588851677638
GENE_0394,5.392317422778761,5.754887502163468,5.700439718141092,5.857980995127572,5.247927513443585,5.491853096329675,5.459431618637297,5.672425341971495,5.807354922057604,5.882643049361842,5.977279923499917,5.857980995127572,5.459431618637297,5.700439718141092,5.426264754702098,5.700439718141092,5.906890595608519,5.614709844115208,5.614709844115208,5.754887502163468
GENE_0395,5.672425341971495,5.906890595608519,5.754887502163468,5.554588851677638,5.672425341971495,5.426264754702098,5.584962500721156,5.554588851677638,5.807354922057604,5.672425341971495,5.78135971352466,5.700439718141092,5.906890595608519,6.066089190457772,5.857980995127572,5.554588851677638,5.392317422778761,5.906890595608519,5.392317422778761,5.426264754702098
GENE_0396,5.754887502163468,5.087462841250339,5.614709844115208,5.977279923499917,5.087462841250339,5.614709844115208,5.727920454563199,5.807354922057604,5.754887502163468,5.906890595608519,6.066089190457772,5.672425341971495,5.554588851677638,5.832890014164741,5.807354922057604,5.554588851677638,5.930737337562887,5.882643049361842,5.491853096329675,5.643856189774724
GENE_0397,5.614709844115208,5.247927513443585,5.727920454563199,5.672425341971495,5.727920454563199,5.882643049361842,5.857980995127572,5.459431618637297,5.459431618637297,4.906890595608519,5.247927513443585,5.857980995127572,5.554588851677638,5.807354922057604,5.584962500721156,6.087462841250339,5.832890014164741,5.554588851677638,5.78135971352466,5.832890014164741
GENE_0398,5.523561956057013,5.727920454563199,5.954196310386875,5.643856189774724,5.614709844115208,5.930737337562887,5.357552004618084,5.832890014164741,5.584962500721156,5.807354922057604,5.700439718141092,5.832890014164741,5.392317422778761,5.672425341971495,5.700439718141092,5.672425341971495,5.700439718141092,5.523561956057013,5.459431618637297,6.0
GENE_0399,5.930737337562887,5.672425341971495,5.584962500721156,6.022367813028454,5.554588851677638,5.643856189774724,5.643856189774724,5.78135971352466,5.672425341971495,5.426264754702098,5.491853096329675,6.0,5.459431618637297,5.614709844115208,5.643856189774724,5.700439718141092,5.285402218862249,5.491853096329675,5.554588851677638,5.807354922057604
GENE_0400,5.906890595608519,5.930737337562887,5.614709844115208,5.392317422778761,5.554588851677638,5.426264754702098,5.523561956057013,5.584962500721156,5.491853096329675,6.189824558880018,5.672425341971495,5.857980995127572,5.614709844115208,5.614709844115208,5.426264754702098,5.754887502163468,5.584962500721156,5.700439718141092,5.78135971352466,5.882643049361842
GENE_0401,5.491853096329675,5.930737337562887,5.614709844115208,5.807354922057604,5.727920454563199,6.0,5.857980995127572,5.584962500721156,5.129283016944966,5.672425341971495,5.523561956057013,6.0,5.321928094887363,5.727920454563199,5.930737337562887,5.727920454563199,5.930737337562887,6.0,5.78135971352466,5.807354922057604
GENE_0402,5.584962500721156,5.392317422778761,5.554588851677638,5.584962500721156,5.285402218862249,5.882643049361842,5.832890014164741,5.700439718141092,5.584962500721156,5.807354922057604,5.807354922057604,5.285402218862249,5.700439718141092,5.832890014164741,5.426264754702098,5.554588851677638,5.807354922057604,5.459431618637297,5.700439718141092,5.954196310386875
GENE_0403,5.78135971352466,5.169925001442312,5.807354922057604,5.727920454563199,5.832890014164741,5.523561956057013,5.459431618637297,5.459431618637297,5.78135971352466,5.614709844115208,5.954196310386875,5.614709844115208,5.459431618637297,5.614709844115208,5.700439718141092,5.357552004618084,5.727920454563199,5.554588851677638,5.78135971352466,5.700439718141092
GENE_0404,5.643856189774724,5.906890595608519,6.20945336562895,5.727920454563199,5.643856189774724,5.426264754702098,5.906890595608519,5.754887502163468,5.459431618637297,5.78135971352466,5.882643049361842,5.727920454563199,5.321928094887363,5.643856189774724,5.882643049361842,5.20945336562895,5.087462841250339,5.807354922057604,5.754887502163468,5.523561956057013
GENE_0405,5.78135971352466,5.554588851677638,5.614709844115208,5.247927513443585,5.554588851677638,5.643856189774724,5.614709844115208,5.977279923499917,5.700439718141092,5.672425341971495,5.523561956057013,5.357552004618084,5.832890014164741,5.672425341971495,5.672425341971495,5.614709844115208,5.700439718141092,5.807354922057604,5.614709844115208,5.700439718141092
GENE_0406,5.930737337562887,5.954196310386875,6.129283016944966,5.169925001442312,5.459431618637297,5.754887502163468,5.954196310386875,5.554588851677638,5.614709844115208,5.832890014164741,5.78135971352466,5.614709844115208,5.554588851677638,5.321928094887363,5.523561956057013,5.700439718141092,5.614709844115208,5.930737337562887,5.357552004618084,5.672425341971495
GENE_0407,5.727920454563199,5.807354922057604,5.906890595608519,6.044394119358453,5.672425341971495,5.491853096329675,5.754887502163468,5.727920454563199,5.954196310386875,5.700439718141092,5.584962500721156,5.672425341971495,6.022367813028454,5.643856189774724,5.523561956057013,6.0,5.882643049361842,5.554588851677638,5.672425341971495,5.426264754702098
GENE_0408,5.78135971352466,5.426264754702098,5.614709844115208,5.20945336562895,5.523561956057013,5.832890014164741,5.584962500721156,5.754887502163468,5.78135971352466,5.584962500721156,5.523561956057013,5.392317422778761,5.672425341971495,6.044394119358453,5.807354922057604,5.727920454563199,5.727920454563199,5.426264754702098,5.78135971352466,5.357552004618084
GENE_0409,5.523561956057013,5.977279923499917,5.491853096329675,5.392317422778761,5.285402218862249,5.554588851677638,5.906890595608519,5.700439718141092,5.78135971352466,5.554588851677638,5.584962500721156,5.727920454563199,5.20945336562895,6.066089190457772,5.523561956057013,5.491853096329675,5.857980995127572,5.807354922057604,5.584962500721156,5.321928094887363
GENE_0410,5.643856189774724,5.523561956057013,5.672425341971495,5.672425341971495,5.727920454563199,5.614709844115208,5.672425341971495,5.426264754702098,5.807354922057604,5.754887502163468,5.554588851677638,5.700439718141092,5.285402218862249,5.930737337562887,5.882643049361842,5.584962500721156,5.614709844115208,5.700439718141092,5.285402218862249,5.087462841250339
GENE_0411,5.643856189774724,5.807354922057604,5.584962500721156,5.672425341971495,6.108524456778169,5.78135971352466,5.614709844115208,5.392317422778761,5.584962500721156,5.727920454563199,5.554588851677638,5.554588851677638,5.700439718141092,5.392317422778761,5.491853096329675,5.832890014164741,5.807354922057604,5.727920454563199,5.930737337562887,5.459431618637297
GENE_0412,5.78135971352466,5.554588851677638,5.672425341971495,5.700439718141092,5.491853096329675,5.977279923499917,5.643856189774724,5.807354922057604,5.977279923499917,5.523561956057013,5.614709844115208,5.614709844115208,5.643856189774724,5.857980995127572,5.426264754702098,5.832890014164741,5.78135971352466,5.491853096329675,5.285402218862249,5.459431618637297
GENE_0413,5.672425341971495,5.78135971352466,5.807354922057604,5.754887502163468,5.614709844115208,6.044394119358453,5.954196310386875,5.554588851677638,5.754887502163468,5.754887502163468,6.0,5.672425341971495,5.700439718141092,5.554588851677638,5.285402218862249,5.727920454563199,5.78135971352466,5.523561956057013,5.554588851677638,5.882643049361842
GENE_0414,5.20945336562895,5.491853096329675,5.832890014164741,5.857980995127572,5.672425341971495,5.754887502163468,6.0,5.672425341971495,5.285402218862249,5.491853096329675,5.523561956057013,5.643856189774724,5.491853096329675,5.727920454563199,5.78135971352466,5.584962500721156,5.643856189774724,5.643856189774724,5.087462841250339,5.614709844115208
GENE_0415,5.906890595608519,5.554588851677638,6.0,5.672425341971495,5.459431618637297,5.78135971352466,5.754887502163468,5.584962500721156,5.700439718141092,5.20945336562895,5.672425341971495,5.906890595608519,5.832890014164741,5.727920454563199,5.491853096329675,5.491853096329675,5.882643049361842,5.832890014164741,5.491853096329675,5.727920454563199
GENE_0416,5.754887502163468,5.491853096329675,5.807354922057604,5.882643049361842,5.523561956057013,5.882643049361842,5.523561956057013,6.022367813028454,5.727920454563199,5.672425341971495,5.857980995127572,5.882643049361842,5.882643049361842,5.643856189774724,5.700439718141092,5.672425341971495,5.20945336562895,5.727920454563199,5.643856189774724,5.614709844115208
GENE_0417,5.832890014164741,5.523561956057013,5.882643049361842,5.491853096329675,5.754887502163468,5.491853096329675,5.930737337562887,5.614709844115208,5.832890014164741,5.672425341971495,5.554588851677638,5.78135971352466,5.906890595608519,5.882643049361842,5.754887502163468,5.727920454563199,5.584962500721156,5.700439718141092,5.554588851677638,5.584962500721156
GENE_0418,5.832890014164741,5.727920454563199,5.584962500721156,5.491853096329675,5.357552004618084,5.727920454563199,5.491853096329675,5.832890014164741,5.857980995127572,5.832890014164741,5.643856189774724,5.906890595608519,5.614709844115208,6.044394119358453,5.523561956057013,5.523561956057013,6.0,5.643856189774724,5.614709844115208,5.392317422778761
GENE_0419,6.022367813028454,5.357552004618084,5.857980995127572,5.643856189774724,5.727920454563199,5.554588851677638,5.700439718141092,5.554588851677638,5.754887502163468,5.977279923499917,5.977279923499917,5.584962500721156,5.523561956057013,5.357552004618084,5.882643049361842,5.807354922057604,6.044394119358453,5.614709844115208,5.977279923499917,5.78135971352466
GENE_0420,5.491853096329675,5.727920454563199,5.754887502163468,5.930737337562887,5.614709844115208,5.727920454563199,6.0,5.672425341971495,5.247927513443585,5.977279923499917,5.643856189774724,5.727920454563199,5.554588851677638,5.426264754702098,5.459431618637297,5.523561956057013,5.491853096329675,5.321928094887363,5.672425341971495,5.754887502163468
GENE_0421,5.754887502163468,5.392317422778761,5.614709844115208,5.672425341971495,5.584962500721156,5.523561956057013,5.672425341971495,5.614709844115208,5.459431618637297,5.643856189774724,5.727920454563199,5.459431618637297,5.882643049361842,5.906890595608519,5.882643049361842,5.584962500721156,5.832890014164741,6.20945336562895,5.247927513443585,5.614709844115208
GENE_0422,5.727920454563199,5.643856189774724,5.20945336562895,5.614709844115208,5.754887502163468,5.459431618637297,5.426264754702098,5.727920454563199,5.554588851677638,5.523561956057013,5.392317422778761,5.857980995127572,6.022367813028454,5.491853096329675,5.614709844115208,5.614709844115208,5.247927513443585,5.754887502163468,6.129283016944966,5.727920454563199
GENE_0423,5.832890014164741,5.700439718141092,5.614709844115208,5.614709844115208,5.321928094887363,5.392317422778761,5.700439718141092,5.727920454563199,5.78135971352466,5.584962500721156,5.807354922057604,6.044394119358453,5.832890014164741,5.672425341971495,5.882643049361842,5.554588851677638,5.643856189774724,5.584962500721156,5.906890595608519,5.700439718141092
GENE_0424,5.672425341971495,5.285402218862249,5.614709844115208,5.882643049361842,5.614709844115208,5.882643049361842,5.584962500721156,5.954196310386875,5.614709844115208,5.643856189774724,5.672425341971495,5.727920454563199,5.614709844115208,5.857980995127572,5.882643049361842,5.392317422778761,5.906890595608519,5.554588851677638,5.129283016944966,5.459431618637297
GENE_0425,5.20945336562895,5.727920454563199,5.584962500721156,5.807354922057604,5.392317422778761,5.491853096329675,5.807354922057604,5.491853096329675,5.930737337562887,5.754887502163468,5.285402218862249,5.727920454563199,5.882643049361842,5.584962500721156,5.614709844115208,5.523561956057013,5.643856189774724,5.523561956057013,5.672425341971495,5.882643049361842
GENE_0426,5.78135971352466,5.523561956057013,5.930737337562887,5.614709844115208,5.832890014164741,5.700439718141092,5.700439718141092,5.643856189774724,5.321928094887363,5.357552004618084,5.857980995127572,5.882643049361842,6.087462841250339,5.832890014164741,6.066089190457772,5.643856189774724,5.554588851677638,5.643856189774724,5.523561956057013,5.906890595608519
GENE_0427,5.554588851677638,5.614709844115208,5.930737337562887,5.523561956057013,5.672425341971495,5.727920454563199,5.882643049361842,5.584962500721156,5.643856189774724,5.584962500721156,6.0,5.754887502163468,5.392317422778761,5.727920454563199,5.584962500721156,5.930737337562887,5.426264754702098,5.78135971352466,5.672425341971495,5.491853096329675
GENE_0428,5.727920454563199,5.807354922057604,6.0,5.78135971352466,5.672425341971495,5.700439718141092,5.954196310386875,5.643856189774724,5.643856189774724,5.392317422778761,5.643856189774724,5.643856189774724,6.0,5.906890595608519,5.727920454563199,6.149747119504682,5.930737337562887,5.459431618637297,5.554588851677638,5.832890014164741
GENE_0429,5.857980995127572,5.700439718141092,5.523561956057013,5.977279923499917,5.672425341971495,5.930737337562887,5.523561956057013,5.614709844115208,5.426264754702098,5.906890595608519,5.754887502163468,5.247927513443585,6.0,6.022367813028454,5.554588851677638,5.832890014164741,5.930737337562887,5.977279923499917,5.930737337562887,5.882643049361842
GENE_0430,5.491853096329675,5.857980995127572,5.491853096329675,5.882643049361842,5.700439718141092,5.832890014164741,5.643856189774724,5.807354922057604,5.672425341971495,5.78135971352466,5.700439718141092,6.044394119358453,5.491853096329675,5.977279923499917,5.614709844115208,5.129283016944966,5.754887502163468,5.754887502163468,5.584962500721156,5.247927513443585
GENE_0431,5.857980995127572,5.857980995127572,5.807354922057604,5.459431618637297,5.857980995127572,5.554588851677638,5.906890595608519,6.044394119358453,6.0,5.807354922057604,5.754887502163468,5.523561956057013,5.523561956057013,5.977279923499917,5.392317422778761,5.977279923499917,5.882643049361842,5.78135971352466,5.78135971352466,5.832890014164741
GENE_0432,5.643856189774724,5.882643049361842,5.643856189774724,5.832890014164741,5.832890014164741,5.459431618637297,6.044394119358453,5.087462841250339,5.754887502163468,5.882643049361842,5.459431618637297,5.754887502163468,5.584962500721156,5.672425341971495,5.882643049361842,5.614709844115208,5.523561956057013,5.554588851677638,5.491853096329675,5.523561956057013
GENE_0433,5.672425341971495,5.832890014164741,5.78135971352466,5.906890595608519,5.614709844115208,6.087462841250339,5.700439718141092,5.700439718141092,5.727920454563199,6.108524456778169,5.882643049361842,5.643856189774724,5.523561956057013,5.727920454563199,5.754887502163468,5.554588851677638,5.392317422778761,5.044394119358453,5.491853096329675,5.491853096329675
GENE_0434,5.20945336562895,5.977279923499917,5.554588851677638,5.554588851677638,5.643856189774724,5.78135971352466,5.459431618637297,5.954196310386875,5.832890014164741,5.643856189774724,5.78135971352466,5.614709844115208,5.20945336562895,5.754887502163468,5.426264754702098,5.977279923499917,5.754887502163468,5.614709844115208,5.523561956057013,5.614709844115208
GENE_0435,5.672425341971495,5.584962500721156,5.459431618637297,6.044394119358453,5.643856189774724,5.78135971352466,5.426264754702098,5.832890014164741,5.392317422778761,5.727920454563199,5.614709844115208,5.78135971352466,5.491853096329675,5.700439718141092,5.20945336562895,5.807354922057604,5.727920454563199,5.643856189774724,5.906890595608519,6.044394119358453
GENE_0436,5.357552004618084,5.614709844115208,5.426264754702098,5.20945336562895,5.554588851677638,5.672425341971495,5.554588851677638,5.554588851677638,5.643856189774724,5.857980995127572,5.906890595608519,5.807354922057604,5.906890595608519,5.459431618637297,5.78135971352466,5.426264754702098,5.614709844115208,5.78135971352466,5.727920454563199,5.954196310386875
GENE_0437,5.554588851677638,5.882643049361842,5.643856189774724,5.357552004618084,5.643856189774724,5.807354922057604,5.807354922057604,5.78135971352466,5.554588851677638,5.882643049361842,5.672425341971495,6.022367813028454,5.459431618637297,5.832890014164741,5.392317422778761,5.491853096329675,5.584962500721156,5.357552004618084,6.0,5.614709844115208
GENE_0438,5.285402218862249,5.672425341971495,5.754887502163468,5.754887502163468,5.700439718141092,5.459431618637297,5.523561956057013,5.727920454563199,5.554588851677638,5.807354922057604,5.321928094887363,6.087462841250339,5.554588851677638,5.857980995127572,5.554588851677638,5.643856189774724,5.672425341971495,5.857980995127572,5.321928094887363,5.357552004618084
GENE_0439,6.044394119358453,5.700439718141092,5.727920454563199,5.491853096329675,5.832890014164741,5.392317422778761,5.584962500721156,5.78135971352466,5.672425341971495,5.614709844115208,5.491853096329675,5.672425341971495,5.78135971352466,5.169925001442312,5.459431618637297,5.700439718141092,5.554588851677638,5.882643049361842,5.459431618637297,6.022367813028454
GENE_0440,5.523561956057013,5.807354922057604,5.700439718141092,5.584962500721156,5.643856189774724,5.700439718141092,5.78135971352466,5.700439718141092,5.247927513443585,5.700439718141092,5.459431618637297,5.754887502163468,5.426264754702098,5.285402218862249,5.700439718141092,5.882643049361842,5.672425341971495,5.807354922057604,5.882643049361842,5.754887502163468
GENE_0441,5.882643049361842,5.700439718141092,5.321928094887363,5.906890595608519,6.0,5.954196310386875,5.807354922057604,5.357552004618084,5.857980995127572,5.672425341971495,5.426264754702098,5.554588851677638,5.700439718141092,5.977279923499917,5.672425341971495,5.554588851677638,5.700439718141092,5.554588851677638,5.643856189774724,5.78135971352466
GENE_0442,5.672425341971495,5.954196310386875,5.906890595608519,5.930737337562887,5.78135971352466,5.392317422778761,5.754887502163468,5.807354922057604,5.832890014164741,5.523561956057013,5.807354922057604,5.700439718141092,5.554588851677638,5.643856189774724,5.285402218862249,5.727920454563199,5.807354922057604,5.78135971352466,5.807354922057604,5.523561956057013
GENE_0443,5.554588851677638,5.882643049361842,5.882643049361842,5.930737337562887,5.754887502163468,5.20945336562895,5.426264754702098,5.727920454563199,5.459431618637297,5.459431618637297,5.727920454563199,5.727920454563199,5.614709844115208,5.357552004618084,5.700439718141092,5.643856189774724,5.807354922057604,5.906890595608519,5.954196310386875,5.78135971352466
GENE_0444,5.700439718141092,5.700439718141092,5.700439718141092,5.643856189774724,5.357552004618084,5.882643049361842,5.807354922057604,5.614709844115208,5.392317422778761,5.727920454563199,5.643856189774724,5.426264754702098,5.754887502163468,5.643856189774724,5.700439718141092,6.0,5.459431618637297,5.392317422778761,5.754887502163468,5.727920454563199
GENE_0445,5.727920454563199,5.727920454563199,5.754887502163468,5.807354922057604,5.672425341971495,5.554588851677638,5.857980995127572,5.584962500721156,5.321928094887363,5.882643049361842,5.754887502163468,5.672425341971495,5.882643049361842,5.807354922057604,5.523561956057013,5.930737337562887,5.491853096329675,5.882643049361842,6.044394119358453,5.285402218862249
GENE_0446,5.754887502163468,5.832890014164741,5.672425341971495,5.426264754702098,5.426264754702098,5.20945336562895,6.022367813028454,5.459431618637297,5.643856189774724,5.78135971352466,5.584962500721156,5.285402218862249,5.832890014164741,5.78135971352466,5.754887502163468,5.426264754702098,5.754887502163468,6.0,5.523561956057013,5.672425341971495
GENE_0447,5.584962500721156,5.977279923499917,5.832890014164741,5.954196310386875,5.643856189774724,5.832890014164741,5.882643049361842,5.832890014164741,5.523561956057013,5.643856189774724,5.700439718141092,5.426264754702098,5.614709844115208,5.754887502163468,5.78135971352466,5.643856189774724,5.700439718141092,5.554588851677638,5.491853096329675,5.614709844115208
GENE_0448,5.523561956057013,5.321928094887363,5.129283016944966,5.807354922057604,5.584962500721156,5.882643049361842,5.20945336562895,6.087462841250339,5.672425341971495,5.614709844115208,5.78135971352466,5.459431618637297,5.584962500721156,5.807354922057604,5.727920454563199,5.78135971352466,5.78135971352466,5.523561956057013,5.954196310386875,5.78135971352466
GENE_0449,5.727920454563199,5.643856189774724,5.426264754702098,5.392317422778761,5.554588851677638,5.727920454563199,5.321928094887363,5.584962500721156,5.554588851677638,5.672425341971495,5.807354922057604,5.554588851677638,5.78135971352466,5.614709844115208,5.614709844115208,5.643856189774724,5.614709844115208,5.169925001442312,5.087462841250339,5.727920454563199
GENE_0450,5.392317422778761,5.672425341971495,5.754887502163468,5.672425341971495,5.672425341971495,5.643856189774724,5.727920454563199,5.643856189774724,5.643856189774724,5.78135971352466,6.129283016944966,5.700439718141092,5.977279923499917,5.392317422778761,5.754887502163468,5.906890595608519,6.066089190457772,5.754887502163468,5.247927513443585,5.321928094887363
GENE_0451,5.700439718141092,5.906890595608519,5.78135971352466,5.554588851677638,5.584962500721156,5.727920454563199,5.857980995127572,5.78135971352466,5.807354922057604,5.643856189774724,5.807354922057604,5.672425341971495,5.832890014164741,5.672425341971495,5.807354922057604,5.357552004618084,5.832890014164741,5.78135971352466,6.0,5.727920454563199
GENE_0452,5.700439718141092,5.727920454563199,5.727920454563199,5.977279923499917,5.247927513443585,5.491853096329675,5.643856189774724,5.977279923499917,5.491853096329675,5.754887502163468,5.459431618637297,6.066089190457772,5.459431618637297,5.727920454563199,5.977279923499917,5.643856189774724,5.754887502163468,5.614709844115208,5.491853096329675,5.78135971352466
GENE_0453,5.832890014164741,5.832890014164741,5.643856189774724,5.754887502163468,5.754887502163468,5.700439718141092,5.700439718141092,5.584962500721156,5.857980995127572,6.108524456778169,5.807354922057604,5.672425341971495,5.554588851677638,5.672425341971495,5.169925001442312,6.044394119358453,5.672425341971495,5.614709844115208,5.807354922057604,5.807354922057604
GENE_0454,5.807354922057604,5.426264754702098,5.930737337562887,5.857980995127572,5.643856189774724,5.727920454563199,5.614709844115208,5.643856189774724,5.491853096329675,5.807354922057604,5.832890014164741,5.977279923499917,5.554588851677638,5.459431618637297,5.906890595608519,5.614709844115208,5.882643049361842,5.930737337562887,5.672425341971495,5.491853096329675
GENE_0455,5.643856189774724,5.672425341971495,5.614709844115208,5.614709844115208,5.906890595608519,5.727920454563199,5.807354922057604,5.392317422778761,5.285402218862249,5.20945336562895,5.754887502163468,5.584962500721156,5.643856189774724,5.954196310386875,5.882643049361842,5.832890014164741,5.672425341971495,5.882643049361842,5.614709844115208,5.584962500721156
GENE_0456,5.459431618637297,5.754887502163468,5.672425341971495,5.426264754702098,5.523561956057013,5.832890014164741,5.754887502163468,6.108524456778169,5.807354922057604,5.672425341971495,5.614709844115208,5.672425341971495,5.491853096329675,5.426264754702098,5.554588851677638,5.491853096329675,5.832890014164741,5.584962500721156,5.906890595608519,6.0
GENE_0457,5.584962500721156,5.930737337562887,5.614709844115208,5.977279923499917,5.491853096329675,5.491853096329675,5.491853096329675,5.357552004618084,5.754887502163468,5.20945336562895,5.754887502163468,5.614709844115208,5.727920454563199,5.672425341971495,5.392317422778761,5.491853096329675,5.169925001442312,5.584962500721156,5.906890595608519,5.672425341971495
GENE_0458,5.614709844115208,5.459431618637297,5.392317422778761,5.857980995127572,5.857980995127572,5.977279923499917,5.832890014164741,5.727920454563199,5.906890595608519,6.022367813028454,5.727920454563199,5.357552004618084,5.832890014164741,5.357552004618084,5.882643049361842,5.426264754702098,5.78135971352466,5.754887502163468,5.643856189774724,6.022367813028454
GENE_0459,5.727920454563199,6.0,5.78135971352466,5.700439718141092,5.930737337562887,5.882643049361842,5.906890595608519,5.357552004618084,5.672425341971495,5.357552004618084,5.807354922057604,5.459431618637297,5.523561956057013,5.672425341971495,5.584962500721156,5.882643049361842,5.643856189774724,5.357552004618084,5.807354922057604,5.754887502163468
GENE_0460,5.459431618637297,5.700439718141092,5.727920454563199,5.882643049361842,5.614709844115208,5.954196310386875,5.584962500721156,5.643856189774724,5.523561956057013,5.392317422778761,5.523561956057013,5.357552004618084,5.930737337562887,5.807354922057604,5.643856189774724,5.727920454563199,5.977279923499917,5.78135971352466,5.727920454563199,5.930737337562887
GENE_0461,5.672425341971495,5.20945336562895,5.906890595608519,5.643856189774724,5.459431618637297,5.754887502163468,6.022367813028454,5.672425341971495,5.672425341971495,5.930737337562887,5.426264754702098,5.700439718141092,5.554588851677638,5.754887502163468,5.285402218862249,5.857980995127572,5.930737337562887,6.066089190457772,5.700439718141092,5.754887502163468
GENE_0462,5.727920454563199,5.672425341971495,5.700439718141092,5.554588851677638,5.727920454563199,5.491853096329675,5.954196310386875,5.426264754702098,5.523561956057013,5.614709844115208,5.832890014164741,5.727920454563199,5.857980995127572,6.129283016944966,5.584962500721156,5.700439718141092,5.906890595608519,5.857980995127572,5.491853096329675,5.78135971352466
GENE_0463,5.78135971352466,5.857980995127572,5.78135971352466,6.022367813028454,5.78135971352466,5.906890595608519,5.614709844115208,6.066089190457772,5.614709844115208,5.584962500721156,5.754887502163468,5.459431618637297,5.643856189774724,5.672425341971495,5.584962500721156,5.491853096329675,5.643856189774724,5.523561956057013,5.807354922057604,5.754887502163468
GENE_0464,5.754887502163468,5.426264754702098,6.022367813028454,5.727920454563199,5.554588851677638,5.977279923499917,5.906890595608519,5.643856189774724,6.022367813028454,5.754887502163468,5.584962500721156,5.807354922057604,5.857980995127572,5.643856189774724,5.857980995127572,5.930737337562887,5.700439718141092,5.0,5.285402218862249,5.700439718141092
GENE_0465,5.523561956057013,5.554588851677638,5.643856189774724,5.727920454563199,5.321928094887363,5.700439718141092,5.554588851677638,5.672425341971495,5.672425341971495,5.954196310386875,5.807354922057604,5.523561956057013,5.727920454563199,5.672425341971495,5.832890014164741,5.672425341971495,5.906890595608519,5.754887502163468,5.584962500721156,5.491853096329675
GENE_0466,5.247927513443585,5.754887502163468,5.78135971352466,5.584962500721156,5.807354922057604,5.554588851677638,5.643856189774724,5.459431618637297,5.807354922057604,6.20945336562895,5.754887502163468,5.20945336562895,5.672425341971495,5.807354922057604,5.459431618637297,5.357552004618084,5.807354922057604,5.882643049361842,5.426264754702098,5.523561956057013
GENE_0467,5.614709844115208,5.584962500721156,5.78135971352466,5.906890595608519,5.857980995127572,5.614709844115208,5.643856189774724,5.426264754702098,5.614709844115208,5.247927513443585,5.832890014164741,5.700439718141092,5.459431618637297,5.491853096329675,5.169925001442312,5.491853096329675,5.321928094887363,5.727920454563199,5.700439718141092,5.78135971352466
GENE_0468,5.584962500721156,5.554588851677638,5.643856189774724,5.643856189774724,5.807354922057604,5.700439718141092,5.78135971352466,5.754887502163468,5.643856189774724,5.930737337562887,5.614709844115208,5.882643049361842,6.044394119358453,5.700439718141092,5.643856189774724,5.977279923499917,5.672425341971495,5.832890014164741,5.554588851677638,5.523561956057013
GENE_0469,5.523561956057013,5.832890014164741,5.614709844115208,5.643856189774724,5.857980995127572,5.672425341971495,5.977279923499917,5.672425341971495,5.554588851677638,5.643856189774724,5.321928094887363,5.643856189774724,5.643856189774724,5.672425341971495,5.426264754702098,5.727920454563199,5.727920454563199,5.491853096329675,5.832890014164741,5.584962500721156
GENE_0470,5.321928094887363,5.087462841250339,5.754887502163468,5.754887502163468,5.930737337562887,5.882643049361842,5.614709844115208,5.807354922057604,5.523561956057013,5.584962500721156,5.754887502163468,5.392317422778761,5.643856189774724,5.554588851677638,5.357552004618084,5.832890014164741,5.882643049361842,5.643856189774724,5.78135971352466,5.807354922057604
GENE_0471,5.321928094887363,5.78135971352466,5.672425341971495,5.727920454563199,5.807354922057604,5.832890014164741,5.754887502163468,5.832890014164741,5.78135971352466,5.357552004618084,5.491853096329675,5.584962500721156,5.832890014164741,5.614709844115208,5.832890014164741,5.78135971352466,5.614709844115208,5.247927513443585,5.554588851677638,5.426264754702098
GENE_0472,5.754887502163468,5.754887502163468,5.727920454563199,5.392317422778761,5.357552004618084,5.554588851677638,5.554588851677638,5.584962500721156,5.754887502163468,5.554588851677638,5.614709844115208,5.754887502163468,5.523561956057013,5.459431618637297,5.20945336562895,5.727920454563199,5.087462841250339,5.857980995127572,5.459431618637297,5.700439718141092
GENE_0473,5.20945336562895,5.857980995127572,5.78135971352466,5.807354922057604,5.954196310386875,5.321928094887363,5.491853096329675,5.614709844115208,5.357552004618084,5.584962500721156,5.832890014164741,5.672425341971495,5.523561956057013,5.807354922057604,5.554588851677638,5.614709844115208,5.523561956057013,5.426264754702098,5.832890014164741,5.459431618637297
GENE_0474,5.807354922057604,5.523561956057013,5.584962500721156,5.807354922057604,5.491853096329675,5.392317422778761,5.247927513443585,5.832890014164741,6.149747119504682,5.78135971352466,5.700439718141092,5.643856189774724,5.614709844115208,5.807354922057604,5.727920454563199,5.392317422778761,5.954196310386875,5.491853096329675,5.672425341971495,5.554588851677638
GENE_0475,5.247927513443585,5.700439718141092,5.930737337562887,5.78135971352466,5.614709844115208,5.672425341971495,5.672425341971495,5.832890014164741,5.727920454563199,6.066089190457772,5.727920454563199,5.584962500721156,5.882643049361842,5.807354922057604,5.643856189774724,5.491853096329675,5.643856189774724,5.643856189774724,5.78135971352466,5.807354922057604
GENE_0476,5.614709844115208,5.807354922057604,5.357552004618084,6.066089190457772,5.700439718141092,5.78135971352466,5.832890014164741,5.426264754702098,5.321928094887363,5.754887502163468,5.882643049361842,5.392317422778761,5.459431618637297,5.614709844115208,5.523561956057013,5.672425341971495,5.906890595608519,5.491853096329675,5.832890014164741,5.700439718141092
GENE_0477,5.78135971352466,5.672425341971495,5.584962500721156,6.022367813028454,5.857980995127572,5.754887502163468,5.426264754702098,5.832890014164741,5.807354922057604,5.882643049361842,5.78135971352466,5.807354922057604,5.727920454563199,5.426264754702098,5.285402218862249,5.882643049361842,5.20945336562895,5.807354922057604,5.523561956057013,5.614709844115208
GENE_0478,5.584962500721156,5.727920454563199,5.754887502163468,6.022367813028454,5.807354922057604,5.491853096329675,5.672425341971495,5.392317422778761,5.727920454563199,5.672425341971495,5.754887502163468,5.614709844115208,5.321928094887363,5.643856189774724,5.392317422778761,5.727920454563199,5.672425341971495,5.857980995127572,5.643856189774724,5.643856189774724
GENE_0479,5.754887502163468,5.754887502163468,5.426264754702098,5.954196310386875,6.169925001442312,5.954196310386875,5.491853096329675,5.392317422778761,5.643856189774724,5.807354922057604,5.491853096329675,5.700439718141092,5.672425341971495,5.700439718141092,5.392317422778761,5.459431618637297,5.727920454563199,5.491853096329675,6.149747119504682,5.954196310386875
GENE_0480,5.357552004618084,6.044394119358453,5.906890595608519,5.700439718141092,5.977279923499917,5.754887502163468,5.491853096329675,5.321928094887363,5.78135971352466,5.643856189774724,5.321928094887363,5.78135971352466,5.700439718141092,5.727920454563199,5.392317422778761,5.392317422778761,5.857980995127572,5.754887502163468,5.614709844115208,5.807354922057604
GENE_0481,5.614709844115208,5.700439718141092,5.169925001442312,5.954196310386875,5.832890014164741,5.584962500721156,5.554588851677638,5.584962500721156,5.643856189774724,5.321928094887363,5.807354922057604,5.857980995127572,5.491853096329675,5.459431618637297,5.426264754702098,5.285402218862249,5.727920454563199,5.882643049361842,5.977279923499917,5.977279923499917
GENE_0482,5.672425341971495,5.832890014164741,5.807354922057604,5.832890014164741,5.614709844115208,5.672425341971495,5.643856189774724,5.700439718141092,5.672425341971495,5.754887502163468,5.554588851677638,5.392317422778761,5.954196310386875,5.700439718141092,5.672425341971495,5.614709844115208,5.614709844115208,5.129283016944966,5.357552004618084,5.954196310386875
GENE_0483,5.832890014164741,5.614709844115208,5.392317422778761,5.20945336562895,5.906890595608519,5.672425341971495,5.857980995127572,5.807354922057604,5.78135971352466,5.491853096329675,5.857980995127572,5.044394119358453,5.459431618637297,5.807354922057604,5.930737337562887,5.643856189774724,5.930737337562887,5.584962500721156,5.554588851677638,5.643856189774724
GENE_0484,5.727920454563199,5.523561956057013,5.643856189774724,5.807354922057604,5.977279923499917,5.807354922057604,5.857980995127572,5.807354922057604,5.247927513443585,5.700439718141092,5.087462841250339,5.672425341971495,5.426264754702098,5.727920454563199,5.727920454563199,5.643856189774724,6.0,5.321928094887363,5.727920454563199,5.554588851677638
GENE_0485,5.357552004618084,5.906890595608519,5.584962500721156,5.930737337562887,5.700439718141092,5.882643049361842,5.584962500721156,5.459431618637297,5.672425341971495,5.614709844115208,5.614709844115208,5.584962500721156,6.149747119504682,5.78135971352466,5.523561956057013,5.523561956057013,5.754887502163468,5.832890014164741,5.727920454563199,5.672425341971495
GENE_0486,5.954196310386875,5.700439718141092,5.584962500721156,5.672425341971495,5.459431618637297,5.700439718141092,5.523561956057013,5.392317422778761,6.066089190457772,5.807354922057604,5.754887502163468,5.643856189774724,5.459431618637297,5.643856189774724,5.882643049361842,5.584962500721156,5.584962500721156,5.643856189774724,5.700439718141092,5.643856189774724
GENE_0487,6.066089190457772,5.491853096329675,5.392317422778761,5.832890014164741,5.643856189774724,5.930737337562887,5.643856189774724,5.672425341971495,5.491853096329675,5.857980995127572,5.614709844115208,5.727920454563199,5.672425341971495,5.672425341971495,5.672425341971495,5.523561956057013,5.906890595608519,5.727920454563199,5.491853096329675,5.129283016944966
GENE_0488,5.584962500721156,5.78135971352466,5.832890014164741,5.930737337562887,5.906890595608519,6.022367813028454,5.285402218862249,5.672425341971495,5.832890014164741,5.554588851677638,5.754887502163468,5.523561956057013,5.554588851677638,5.614709844115208,5.584962500721156,5.930737337562887,5.584962500721156,5.832890014164741,6.066089190457772,5.614709844115208
GENE_0489,5.672425341971495,5.554588851677638,5.392317422778761,6.0,5.882643049361842,5.954196310386875,5.247927513443585,5.554588851677638,5.554588851677638,5.491853096329675,5.491853096329675,5.906890595608519,5.906890595608519,5.459431618637297,5.727920454563199,5.78135971352466,5.78135971352466,5.643856189774724,5.78135971352466,5.882643049361842
GENE_0490,5.754887502163468,5.426264754702098,5.426264754702098,5.614709844115208,5.459431618637297,5.554588851677638,5.832890014164741,5.554588851677638,5.554588851677638,5.554588851677638,5.727920454563199,5.554588851677638,5.614709844115208,5.672425341971495,5.584962500721156,5.78135971352466,5.584962500721156,5.930737337562887,5.832890014164741,5.643856189774724
GENE_0491,5.643856189774724,5.523561956057013,5.554588851677638,5.857980995127572,5.954196310386875,5.554588851677638,5.554588851677638,5.882643049361842,5.727920454563199,5.426264754702098,5.754887502163468,5.857980995127572,5.392317422778761,5.321928094887363,5.584962500721156,5.857980995127572,5.807354922057604,5.584962500721156,5.78135971352466,5.727920454563199
GENE_0492,5.614709844115208,5.426264754702098,5.584962500721156,5.727920454563199,5.857980995127572,5.78135971352466,5.459431618637297,5.727920454563199,5.357552004618084,5.554588851677638,5.672425341971495,5.700439718141092,5.357552004618084,5.523561956057013,5.700439718141092,5.491853096329675,5.807354922057604,5.614709844115208,5.672425341971495,5.523561956057013
GENE_0493,5.321928094887363,5.285402218862249,5.044394119358453,5.700439718141092,5.523561956057013,5.584962500721156,5.700439718141092,5.930737337562887,5.643856189774724,5.672425341971495,5.727920454563199,5.754887502163468,5.727920454563199,5.643856189774724,5.906890595608519,5.491853096329675,5.78135971352466,5.523561956057013,5.523561956057013,5.727920454563199
GENE_0494,5.247927513443585,5.807354922057604,5.459431618637297,5.523561956057013,5.584962500721156,5.459431618637297,5.426264754702098,5.614709844115208,5.491853096329675,5.78135971352466,5.727920454563199,5.554588851677638,5.643856189774724,5.930737337562887,5.459431618637297,5.523561956057013,5.584962500721156,5.906890595608519,5.614709844115208,6.087462841250339
GENE_0495,6.087462841250339,5.392317422778761,5.285402218862249,5.672425341971495,5.614709844115208,5.584962500721156,5.459431618637297,5.643856189774724,5.426264754702098,5.672425341971495,5.700439718141092,5.78135971352466,5.807354922057604,5.754887502163468,5.285402218862249,5.392317422778761,6.044394119358453,6.149747119504682,5.643856189774724,5.754887502163468
GENE_0496,5.426264754702098,5.807354922057604,5.882643049361842,5.321928094887363,5.554588851677638,5.459431618637297,5.523561956057013,5.832890014164741,5.672425341971495,5.523561956057013,5.727920454563199,5.584962500721156,5.857980995127572,5.807354922057604,5.643856189774724,5.554588851677638,5.459431618637297,6.066089190457772,5.554588851677638,5.754887502163468
GENE_0497,5.426264754702098,5.614709844115208,5.584962500721156,5.321928094887363,5.357552004618084,5.700439718141092,5.832890014164741,5.727920454563199,5.643856189774724,5.426264754702098,5.807354922057604,5.392317422778761,5.727920454563199,5.426264754702098,5.832890014164741,5.727920454563199,6.022367813028454,5.832890014164741,5.700439718141092,5.930737337562887
GENE_0498,5.672425341971495,5.614709844115208,5.727920454563199,5.906890595608519,5.584962500721156,5.643856189774724,5.882643049361842,5.700439718141092,5.614709844115208,6.129283016944966,5.754887502163468,5.857980995127572,5.643856189774724,5.357552004618084,5.247927513443585,5.700439718141092,5.807354922057604,5.930737337562887,5.727920454563199,5.554588851677638
GENE_0499,5.672425341971495,5.78135971352466,5.523561956057013,5.459431618637297,5.426264754702098,5.614709844115208,5.832890014164741,6.066089190457772,5.643856189774724,5.614709844115208,5.614709844115208,5.700439718141092,5.584962500721156,5.614709844115208,5.857980995127572,5.754887502163468,6.066089190457772,5.700439718141092,5.614709844115208,5.954196310386875
GENE_0500,5.426264754702098,5.807354922057604,5.672425341971495,5.643856189774724,5.643856189774724,5.491853096329675,5.247927513443585,5.727920454563199,5.614709844115208,5.554588851677638,5.584962500721156,5.857980995127572,5.727920454563199,5.554588851677638,5.700439718141092,5.754887502163468,5.906890595608519,5.700439718141092,5.321928094887363,5.807354922057604
